Preparing dinner,5/1/2003,16:15:7,17:40:7
115,115,79,73,73,89,115,85,115,115,115,138,91,115,74,115,96,74,115,74,108,74,115,74,115,74,119,51
Microwave,Microwave,Cabinet,Cabinet,Cabinet,Drawer,Microwave,Door,Microwave,Microwave,Microwave,Cabinet,Sink faucet - cold,Microwave,Refrigerator,Microwave,Sink faucet - cold,Refrigerator,Microwave,Refrigerator,Toaster,Refrigerator,Microwave,Refrigerator,Microwave,Refrigerator,Light switch,Door
16:14:24,16:17:10,16:17:45,16:17:50,16:18:9,16:18:22,16:19:40,16:21:51,16:24:27,16:27:18,16:36:48,16:40:23,16:41:44,16:44:22,16:46:43,16:47:48,16:49:53,16:52:5,16:55:31,16:58:42,17:9:37,17:20:44,17:20:55,17:22:28,17:22:49,17:26:11,17:35:12,17:36:36
16:16:16,16:17:21,16:18:18,16:17:54,16:18:15,16:18:28,16:20:39,16:22:6,16:24:41,16:29:14,16:39:34,16:40:40,16:57:2,16:46:51,16:46:47,16:49:40,17:13:13,16:52:17,17:9:20,16:58:46,17:9:59,17:20:55,17:21:6,17:22:48,17:22:51,17:26:18,17:37:21,22:34:27
Preparing lunch,5/1/2003,10:57:51,11:49:27
53,75,115,115,108,115,84,115,115,96,96,74,74,98,119
Light switch,Light switch,Microwave,Microwave,Toaster,Microwave,Garbage disposal,Microwave,Microwave,Sink faucet - cold,Sink faucet - cold,Refrigerator,Refrigerator,Light switch,Light switch
11:3:13,11:3:17,11:5:39,11:7:17,11:8:10,11:8:41,11:12:29,11:13:24,11:16:35,11:30:9,11:31:28,11:36:0,11:36:10,11:41:46,11:43:42
11:43:40,11:43:41,11:5:41,11:7:26,11:8:27,11:12:33,16:21:0,11:13:39,11:30:12,11:30:21,14:40:20,11:36:3,11:36:15,12:31:58,17:33:53
Listening to music,5/1/2003,10:0:12,10:14:45
115,122,70
Microwave,Stereo,Freezer
9:59:56,10:0:49,10:3:13
10:0:3,10:14:10,11:36:16
Taking medication,5/1/2003,19:24:55,19:37:40
74,74,100
Refrigerator,Refrigerator,Sink faucet - hot
19:27:46,19:32:23,19:34:3
19:27:49,19:32:25,19:34:5
Toileting,5/1/2003,17:36:26,17:47:47
51,100,94
Door,Sink faucet - hot,Sink faucet - cold
17:36:36,17:41:16,17:41:38
22:34:27,17:41:21,17:42:24
Talking on telephone,5/1/2003,9:46:30,10:26:29
107,64,69,108,115,84,115,122,70
Light switch,Cabinet,Telephone,Toaster,Microwave,Garbage disposal,Microwave,Stereo,Freezer
9:46:27,9:46:53,9:51:19,9:54:58,9:55:7,9:57:36,9:59:56,10:0:49,10:3:13
14:45:55,9:47:6,10:21:15,9:55:2,9:55:8,11:2:43,10:0:3,10:14:10,11:36:16
Preparing breakfast,5/1/2003,5:49:26,6:20:51
74,74,51,75,84,74,115,115,74,74,51,115,124,74
Refrigerator,Refrigerator,Door,Light switch,Garbage disposal,Refrigerator,Microwave,Microwave,Refrigerator,Refrigerator,Door,Microwave,Containers,Refrigerator
5:52:2,5:52:55,5:53:5,5:55:15,5:56:49,5:56:55,5:58:26,5:59:17,6:0:38,6:5:54,6:6:0,6:6:6,6:6:44,6:7:11
5:52:7,5:53:3,5:54:31,6:33:48,8:5:38,5:57:0,5:58:28,6:0:12,6:0:40,6:5:57,17:36:36,6:7:18,10:18:57,6:7:16
Preparing lunch,5/1/2003,7:30:38,8:33:8
75,74,64,91,117,120,138,74,74,115,74,115,108,115,74,84,108,115,115,84,117,120,119,120,70,96,74,97,70,64,108,96,96,96,96,96,96
Light switch,Refrigerator,Cabinet,Sink faucet - cold,Burner,Light switch,Cabinet,Refrigerator,Refrigerator,Microwave,Refrigerator,Microwave,Toaster,Microwave,Refrigerator,Garbage disposal,Toaster,Microwave,Microwave,Garbage disposal,Burner,Light switch,Light switch,Light switch,Freezer,Sink faucet - cold,Refrigerator,Refrigerator,Freezer,Cabinet,Toaster,Sink faucet - cold,Sink faucet - cold,Sink faucet - cold,Sink faucet - cold,Sink faucet - cold,Sink faucet - cold
7:37:9,7:37:40,7:39:40,7:40:8,7:40:13,7:40:17,7:40:21,7:40:40,7:49:52,7:50:35,7:51:36,7:54:9,7:57:53,7:59:35,8:4:36,8:5:39,8:6:24,8:6:42,8:6:57,8:7:1,8:7:19,8:7:22,8:7:24,8:7:24,8:7:46,8:9:28,8:12:4,8:12:15,8:23:2,8:24:31,8:24:37,8:25:34,8:25:42,8:25:47,8:25:52,8:25:56,8:26:2
10:13:49,7:37:52,7:40:39,16:41:20,8:0:27,8:7:19,8:5:13,7:40:44,7:49:58,7:50:42,7:51:43,7:54:21,7:59:46,8:2:43,8:4:58,8:7:1,8:6:25,8:6:56,8:7:0,9:57:35,8:21:56,8:7:23,8:36:4,8:31:3,8:22:48,8:25:3,8:12:20,9:0:1,10:3:8,8:24:35,8:24:40,8:25:38,8:25:46,8:25:50,8:25:55,8:26:0,8:26:11
Preparing breakfast,5/2/2003,5:37:15,6:24:20
96,51,74,74,115,115,96,53
Sink faucet - cold,Door,Refrigerator,Refrigerator,Microwave,Microwave,Sink faucet - cold,Light switch
5:41:9,5:47:41,5:50:56,5:57:31,5:58:53,6:0:33,6:20:11,6:20:18
6:19:31,7:32:20,5:51:1,5:57:44,5:58:59,6:20:23,7:32:58,9:6:24
Working at computer,5/2/2003,7:37:58,7:56:41
115,107
Microwave,Light switch
7:38:17,7:48:47
7:38:18,12:32:26
Listening to music,5/2/2003,8:39:17,8:44:33
122
Stereo
8:42:37
17:24:34
Washing dishes,5/2/2003,9:10:56,9:30:49
96,115,96
Sink faucet - cold,Microwave,Sink faucet - cold
9:13:22,9:28:30,9:29:35
9:29:26,10:4:56,10:0:54
Washing dishes,5/2/2003,9:59:28,10:4:8
108,96,96,96,64
Toaster,Sink faucet - cold,Sink faucet - cold,Sink faucet - cold,Cabinet
9:59:29,10:1:2,10:1:14,10:1:21,10:3:2
10:0:30,10:1:11,10:1:19,10:2:44,10:3:8
Toileting,5/2/2003,10:25:27,10:47:40
84,100
Garbage disposal,Sink faucet - hot
10:29:36,10:37:7
16:38:39,10:37:30
Putting away dishes,5/2/2003,10:53:8,11:17:35
53,96,57,57,57,57,53,53
Light switch,Sink faucet - cold,Cabinet,Cabinet,Cabinet,Cabinet,Light switch,Light switch
10:56:30,11:0:19,11:4:24,11:4:32,11:4:34,11:5:59,11:11:33,11:13:47
11:0:12,11:57:10,11:4:25,11:4:33,11:4:40,13:18:8,11:12:36,11:16:0
Washing dishes,5/2/2003,16:27:12,16:53:12
96,96
Sink faucet - cold,Sink faucet - cold
16:34:11,16:42:39
16:42:24,16:47:45
Listening to music,5/2/2003,17:20:38,17:29:13
98
Light switch
17:28:2
17:36:23
Preparing dinner,5/2/2003,18:6:13,18:14:45
74,54,108,51
Refrigerator,Cabinet,Toaster,Door
18:9:34,18:11:19,18:11:54,18:12:21
18:9:41,18:11:32,18:11:56,18:12:26
Preparing a snack,5/2/2003,17:37:20,17:40:29
74,66
Refrigerator,Refrigerator
17:38:55,17:39:5
17:39:3,18:9:39
Preparing lunch,5/2/2003,12:48:35,13:7:13
54,115,85,70
Cabinet,Microwave,Door,Freezer
12:55:56,12:59:21,12:59:58,13:5:46
12:56:10,14:2:28,13:0:4,13:5:52
Preparing lunch,5/2/2003,8:51:42,9:7:39
64,91,109,119,91,91,74,115,74,74,115
Cabinet,Sink faucet - cold,Light switch,Light switch,Sink faucet - cold,Sink faucet - cold,Refrigerator,Microwave,Refrigerator,Refrigerator,Microwave
8:52:49,8:53:21,8:53:31,8:54:37,8:56:19,8:56:27,8:57:42,8:59:20,8:59:59,9:0:25,9:0:30
8:52:56,8:56:18,20:25:41,9:16:45,8:56:26,16:34:32,8:57:52,8:59:32,9:0:4,9:0:30,9:7:15
Bathing,5/3/2003,11:9:30,11:32:14
78,78,137,137,137,137,137,137,137
Hamper,Hamper,Door,Door,Door,Door,Door,Door,Door
11:15:31,11:16:19,11:17:39,11:21:29,11:21:45,11:21:57,11:22:2,11:22:20,11:23:0
11:15:33,19:29:40,11:20:59,11:21:33,11:21:50,11:22:0,11:22:16,11:22:28,12:34:50
Taking medication,5/3/2003,4:23:6,4:41:32
75,51,91,96,119,74
Light switch,Door,Sink faucet - cold,Sink faucet - cold,Light switch,Refrigerator
4:30:23,4:30:34,4:31:29,4:31:33,4:32:10,4:32:40
4:33:39,19:41:0,4:55:53,6:11:38,20:30:34,4:32:47
Preparing breakfast,5/3/2003,5:29:51,6:24:47
54,74,75,74,108,84,108,53,84,96
Cabinet,Refrigerator,Light switch,Refrigerator,Toaster,Garbage disposal,Toaster,Light switch,Garbage disposal,Sink faucet - cold
5:36:36,5:37:23,5:37:55,5:38:8,5:38:27,5:39:54,5:40:20,5:40:30,6:11:58,6:12:47
5:36:38,5:37:50,5:40:31,5:38:24,5:38:33,6:11:57,6:15:37,10:48:3,10:20:31,19:41:25
Toileting,5/3/2003,8:10:58,8:25:15
78,128,112
Hamper,Drawer,Toilet Flush
8:16:54,8:19:5,8:21:13
10:35:22,8:19:41,8:21:14
Listening to music,5/3/2003,14:40:51,18:49:47
85,122,98,122,71,122,122,137,122,122,71,108,74,115,108,115,74,122
Door,Stereo,Light switch,Stereo,Drawer,Stereo,Stereo,Door,Stereo,Stereo,Drawer,Toaster,Refrigerator,Microwave,Toaster,Microwave,Refrigerator,Stereo
14:45:1,14:47:25,14:57:18,15:27:28,15:43:31,16:15:45,16:48:41,17:9:15,17:19:57,18:0:0,18:25:24,18:26:54,18:27:2,18:27:19,18:27:45,18:31:10,18:31:26,18:39:56
14:45:20,14:56:27,18:11:28,15:27:33,15:43:47,16:15:56,16:48:48,17:10:54,17:23:38,18:0:5,18:26:6,18:26:58,18:27:19,18:27:33,18:27:47,18:31:25,18:31:34,18:40:6
Preparing dinner,5/3/2003,19:38:15,19:58:18
54,96,96,96,64,53,73,79,79,142,74,74,51
Cabinet,Sink faucet - cold,Sink faucet - cold,Sink faucet - cold,Cabinet,Light switch,Cabinet,Cabinet,Cabinet,Cabinet,Refrigerator,Refrigerator,Door
19:41:28,19:42:7,19:42:58,19:43:13,19:43:34,19:44:8,19:44:42,19:44:43,19:44:48,19:45:12,19:49:39,19:50:3,19:55:15
19:41:42,19:42:52,19:43:11,20:3:29,19:43:40,19:46:4,19:44:49,19:44:44,19:44:49,19:45:25,19:49:50,19:50:8,19:55:22
Preparing a snack,5/3/2003,18:23:52,18:34:29
71,108,74,115,108,115,74
Drawer,Toaster,Refrigerator,Microwave,Toaster,Microwave,Refrigerator
18:25:24,18:26:54,18:27:2,18:27:19,18:27:45,18:31:10,18:31:26
18:26:6,18:26:58,18:27:19,18:27:33,18:27:47,18:31:25,18:31:34
Working at computer,5/3/2003,11:59:48,12:45:38
53,53,53,53,53,53,53,53,53,135,85
Light switch,Light switch,Light switch,Light switch,Light switch,Light switch,Light switch,Light switch,Light switch,Drawer,Door
12:4:41,12:4:46,12:7:59,12:8:9,12:16:30,12:24:44,12:29:31,12:32:5,12:37:0,12:37:4,12:44:37
12:4:43,12:7:38,12:8:3,12:11:4,12:18:50,12:27:5,12:31:59,12:34:35,12:39:29,12:37:33,12:45:47
Toileting,5/3/2003,22:59:33,23:13:56
94
Sink faucet - cold
23:7:18
23:8:9
Preparing lunch,5/3/2003,9:33:20,10:38:54
74,115,115,115,74,115,84,69,108,74,115,115,54
Refrigerator,Microwave,Microwave,Microwave,Refrigerator,Microwave,Garbage disposal,Telephone,Toaster,Refrigerator,Microwave,Microwave,Cabinet
9:37:43,9:37:49,9:46:44,9:49:39,10:18:28,10:19:12,10:20:33,10:21:20,10:32:19,10:32:34,10:32:47,10:35:52,10:36:18
9:37:48,9:37:54,9:46:48,9:49:40,10:18:34,10:19:20,20:3:19,19:50:45,10:32:24,10:32:43,10:32:52,10:35:53,10:36:38
Dressing,5/3/2003,10:40:57,10:49:33
78,94,127,100
Hamper,Sink faucet - cold,Medicine cabinet,Sink faucet - hot
10:41:46,10:42:32,10:44:35,10:45:6
10:41:51,10:43:23,10:44:45,10:45:7
Working at computer,5/3/2003,15:28:31,17:52:0
71,122,122,137,122
Drawer,Stereo,Stereo,Door,Stereo
15:43:31,16:15:45,16:48:41,17:9:15,17:19:57
15:43:47,16:15:56,16:48:48,17:10:54,17:23:38
Preparing lunch,5/4/2003,11:22:7,12:22:8
74,64,53,74,115,74,115,115,74,74,108,115,108,74,96,74,74,115,74,74,108,53,74,96
Refrigerator,Cabinet,Light switch,Refrigerator,Microwave,Refrigerator,Microwave,Microwave,Refrigerator,Refrigerator,Toaster,Microwave,Toaster,Refrigerator,Sink faucet - cold,Refrigerator,Refrigerator,Microwave,Refrigerator,Refrigerator,Toaster,Light switch,Refrigerator,Sink faucet - cold
11:24:54,11:25:12,11:26:15,11:27:46,11:28:20,11:28:34,11:29:7,11:29:21,11:29:25,11:32:39,11:34:19,11:34:27,11:37:29,11:50:24,11:50:40,11:52:23,11:53:6,11:53:11,11:53:48,11:53:56,11:56:5,12:7:22,12:15:23,12:16:30
11:25:0,11:25:15,11:38:26,11:28:9,11:28:25,11:28:38,11:29:15,11:33:15,11:29:56,11:32:47,11:34:22,11:52:34,11:51:50,11:50:31,12:15:47,11:52:29,11:53:10,11:53:15,11:53:53,11:54:0,12:15:38,12:10:40,12:15:28,13:40:37
Going out for entertainment,5/4/2003,15:49:16,16:10:2
85
Door
15:58:26
15:58:37
Toileting,5/4/2003,14:35:16,14:49:45
112,111
Toilet Flush,Cabinet
14:42:21,14:47:56
14:42:22,14:48:16
Washing dishes,5/4/2003,8:8:34,8:14:48
96,115,115
Sink faucet - cold,Microwave,Microwave
8:12:44,8:13:22,8:13:38
11:50:17,8:13:35,11:27:18
Grooming,5/4/2003,7:38:33,7:45:21
84,115,96,94,127
Garbage disposal,Microwave,Sink faucet - cold,Sink faucet - cold,Medicine cabinet
7:41:48,7:41:50,7:42:6,7:42:36,7:43:17
10:27:24,8:11:27,8:12:13,7:43:15,7:43:36
Preparing a snack,5/4/2003,22:1:59,22:23:42
96,111,74,106,128,74
Sink faucet - cold,Cabinet,Refrigerator,Light switch,Drawer,Refrigerator
22:9:7,22:9:21,22:9:32,22:10:47,22:13:10,22:15:58
22:9:20,22:9:27,22:9:35,22:12:31,22:13:15,22:16:2
Washing dishes,5/4/2003,13:14:54,13:43:17
96,96
Sink faucet - cold,Sink faucet - cold
13:40:41,13:41:17
13:41:7,22:9:6
Preparing breakfast,5/4/2003,7:25:9,7:36:42
74,108,84,115,108
Refrigerator,Toaster,Garbage disposal,Microwave,Toaster
7:27:14,7:27:41,7:28:56,7:31:2,7:31:30
7:27:37,7:27:53,7:41:47,7:31:12,7:31:37
Preparing a snack,4/19/2003,10:41:50,11:5:14
54,84,96,91,70,74,115
Cabinet,Garbage disposal,Sink faucet - cold,Sink faucet - cold,Freezer,Refrigerator,Microwave
10:43:48,10:58:12,10:58:28,10:59:27,10:59:56,11:0:32,11:0:55
10:46:10,13:43:15,10:58:44,10:59:31,11:0:31,11:0:48,11:1:4
Listening to music,4/19/2003,9:25:27,11:48:43
122,122,119,122,107,85,54,84,96,91,70,74,115,122
Stereo,Stereo,Light switch,Stereo,Light switch,Door,Cabinet,Garbage disposal,Sink faucet - cold,Sink faucet - cold,Freezer,Refrigerator,Microwave,Stereo
9:34:52,10:1:20,10:8:30,10:36:1,10:37:17,10:39:33,10:43:48,10:58:12,10:58:28,10:59:27,10:59:56,11:0:32,11:0:55,11:39:49
9:34:56,10:30:9,15:14:48,11:2:20,13:15:3,10:43:3,10:46:10,13:43:15,10:58:44,10:59:31,11:0:31,11:0:48,11:1:4,11:39:56
Lawnwork,4/19/2003,16:18:8,17:2:27
85,137
Door,Door
16:28:50,16:49:44
16:52:31,20:54:26
Watching TV,4/19/2003,5:29:53,8:3:28
137,137,98,141,141,137,141,141,141,141,141,141,141,141,110,137,137,112,109,106,137,137,137,51,51,101,101,101,101,101,101,101,141,51,107,106,101,101,101,101,101,101,101,101,101,101,101,75,115,53,119,137,137,137,141,141,112,141,141,98,115
Door,Door,Light switch,TV,TV,Door,TV,TV,TV,TV,TV,TV,TV,TV,Light switch,Door,Door,Toilet Flush,Light switch,Light switch,Door,Door,Door,Door,Door,TV,TV,TV,TV,TV,TV,TV,TV,Door,Light switch,Light switch,TV,TV,TV,TV,TV,TV,TV,TV,TV,TV,TV,Light switch,Microwave,Light switch,Light switch,Door,Door,Door,TV,TV,Toilet Flush,TV,TV,Light switch,Microwave
5:30:15,5:37:49,5:40:38,5:41:17,5:41:25,5:42:32,5:43:12,5:43:21,5:43:48,5:43:50,5:43:58,5:44:1,5:44:15,5:44:23,5:45:8,5:45:37,5:47:43,5:48:23,5:48:34,5:50:38,5:51:53,5:52:12,5:52:15,6:14:56,6:14:58,6:20:10,6:20:19,6:20:38,6:20:46,6:21:0,6:21:16,6:21:24,6:24:22,6:28:45,6:34:37,6:35:7,6:40:3,6:40:12,6:40:33,6:40:41,6:40:53,6:41:1,6:41:10,6:41:20,6:41:29,6:41:37,6:41:40,7:4:50,7:5:7,7:5:28,7:5:29,7:13:9,7:33:24,7:33:30,7:39:56,7:40:40,7:43:27,7:56:34,7:56:38,7:58:24,8:2:24
5:33:34,5:40:50,7:56:9,5:41:21,5:41:28,5:44:36,5:43:15,5:43:24,5:43:49,5:43:51,5:44:0,5:44:2,5:44:17,5:44:25,6:24:10,5:47:37,5:50:48,7:43:26,18:2:56,5:56:47,5:52:7,5:52:15,7:12:51,6:14:57,6:15:4,6:20:15,6:20:24,6:20:42,6:20:51,6:21:10,6:21:19,6:39:57,6:24:31,6:28:49,10:36:56,9:34:19,6:40:6,6:40:15,6:40:36,6:40:48,6:40:56,6:41:5,6:41:15,6:41:24,6:41:36,6:41:39,20:33:7,7:5:28,7:5:22,18:3:31,9:32:40,7:18:40,7:33:27,8:47:59,7:40:1,7:40:43,14:49:38,7:56:36,7:57:38,19:44:11,8:2:40
Toileting,4/19/2003,2:56:53,3:21:30
137
Door
3:9:1
3:9:46
Watching TV,4/19/2003,15:39:33,16:12:7
141,141,141
TV,TV,TV
15:53:30,15:56:4,16:2:10
15:56:2,15:56:8,20:9:33
Preparing a snack,4/19/2003,20:57:37,21:38:31
75,106,106,51,51,91,114,84,74,74,74,74,79,115,91,115
Light switch,Light switch,Light switch,Door,Door,Sink faucet - cold,Drawer,Garbage disposal,Refrigerator,Refrigerator,Refrigerator,Refrigerator,Cabinet,Microwave,Sink faucet - cold,Microwave
20:59:2,20:59:45,21:0:8,21:1:2,21:1:57,21:2:21,21:3:29,21:3:58,21:8:57,21:12:34,21:19:13,21:27:0,21:28:35,21:34:28,21:35:12,21:36:11
21:29:11,21:0:7,21:0:9,21:1:7,21:2:6,21:2:26,21:3:39,21:28:10,21:9:16,21:12:38,21:19:16,21:27:2,21:28:36,21:34:31,21:35:29,21:36:14
Home education,4/19/2003,9:26:38,9:42:36
122
Stereo
9:34:52
9:34:56
Watching TV,4/19/2003,20:0:43,20:19:42
85,107,107,107
Door,Light switch,Light switch,Light switch
20:8:33,20:11:33,20:15:54,20:17:47
20:8:41,20:15:42,20:17:38,20:18:6
Washing dishes,4/19/2003,8:18:12,8:23:25
96,64,51,96,96,96
Sink faucet - cold,Cabinet,Door,Sink faucet - cold,Sink faucet - cold,Sink faucet - cold
8:19:15,8:19:55,8:20:16,8:21:10,8:21:55,8:22:10
8:20:11,8:20:10,20:59:33,8:21:16,8:21:58,8:22:12
Preparing a snack,4/19/2003,14:27:27,14:42:0
108,108,114
Toaster,Toaster,Drawer
14:32:35,14:34:31,14:34:39
14:32:43,14:34:34,14:34:41
Preparing a beverage,4/19/2003,13:4:36,13:28:24
115,85,74,74,85,115,96,108
Microwave,Door,Refrigerator,Refrigerator,Door,Microwave,Sink faucet - cold,Toaster
13:3:43,13:10:39,13:12:16,13:13:38,13:15:21,13:25:33,13:26:18,13:28:18
13:3:50,13:10:52,13:12:25,13:14:38,13:15:35,13:26:43,13:26:25,13:41:24
Home education,4/19/2003,18:45:2,20:22:53
107,99,85,85,107,107,107
Light switch,Light switch,Door,Door,Light switch,Light switch,Light switch
18:49:49,19:39:9,19:39:14,20:8:33,20:11:33,20:15:54,20:17:47
19:39:13,20:11:42,19:39:19,20:8:41,20:15:42,20:17:38,20:18:6
Preparing dinner,4/19/2003,17:27:59,18:4:7
74,66,75,115,96,74,115,115,96,114,70,115,77,74,74,96,114,79,73,79
Refrigerator,Refrigerator,Light switch,Microwave,Sink faucet - cold,Refrigerator,Microwave,Microwave,Sink faucet - cold,Drawer,Freezer,Microwave,Drawer,Refrigerator,Refrigerator,Sink faucet - cold,Drawer,Cabinet,Cabinet,Cabinet
17:29:17,17:29:35,17:30:1,17:31:0,17:31:33,17:31:47,17:32:16,17:32:33,17:32:54,17:33:27,17:33:41,17:36:6,17:45:44,17:47:42,17:57:42,17:58:15,17:59:40,17:59:55,17:59:56,18:0:5
17:29:57,17:29:38,18:3:31,17:31:7,17:31:34,17:32:7,17:32:27,17:34:26,17:32:57,17:33:36,17:33:50,17:36:13,17:46:6,17:48:7,17:57:54,17:58:57,17:59:43,17:59:57,18:0:6,18:0:6
Preparing breakfast,4/19/2003,6:57:25,7:13:16
75,115,53,119,137
Light switch,Microwave,Light switch,Light switch,Door
7:4:50,7:5:7,7:5:28,7:5:29,7:13:9
7:5:28,7:5:22,18:3:31,9:32:40,7:18:40
Toileting,4/19/2003,4:58:57,5:54:51
75,115,74,114,74,114,84,115,109,115,53,75,116,74,142,137,138,53,74,84,115,137,137,137,137,98,141,141,137,141,141,141,141,141,141,141,141,110,137,137,112,109,106,137,137,137
Light switch,Microwave,Refrigerator,Drawer,Refrigerator,Drawer,Garbage disposal,Microwave,Light switch,Microwave,Light switch,Light switch,Cabinet,Refrigerator,Cabinet,Door,Cabinet,Light switch,Refrigerator,Garbage disposal,Microwave,Door,Door,Door,Door,Light switch,TV,TV,Door,TV,TV,TV,TV,TV,TV,TV,TV,Light switch,Door,Door,Toilet Flush,Light switch,Light switch,Door,Door,Door
4:58:23,4:58:29,4:58:43,5:1:5,5:1:49,5:2:5,5:2:24,5:2:35,5:4:8,5:4:20,5:4:37,5:17:18,5:17:55,5:18:8,5:18:39,5:19:33,5:21:1,5:21:39,5:21:55,5:22:3,5:22:36,5:22:45,5:24:52,5:30:15,5:37:49,5:40:38,5:41:17,5:41:25,5:42:32,5:43:12,5:43:21,5:43:48,5:43:50,5:43:58,5:44:1,5:44:15,5:44:23,5:45:8,5:45:37,5:47:43,5:48:23,5:48:34,5:50:38,5:51:53,5:52:12,5:52:15
5:4:37,4:58:32,4:58:50,5:1:23,5:1:53,5:2:7,5:22:2,5:2:41,5:47:7,5:4:28,5:18:35,5:23:6,5:41:45,5:18:13,5:18:45,5:21:37,5:57:47,5:23:6,5:22:0,10:58:11,5:22:43,5:23:19,5:26:21,5:33:34,5:40:50,7:56:9,5:41:21,5:41:28,5:44:36,5:43:15,5:43:24,5:43:49,5:43:51,5:44:0,5:44:2,5:44:17,5:44:25,6:24:10,5:47:37,5:50:48,7:43:26,18:2:56,5:56:47,5:52:7,5:52:15,7:12:51
Preparing lunch,4/19/2003,13:32:45,14:6:42
74,96,70,84,115,96,96,108,115,108,108,108,108,108,108,114,96,108,115,115
Refrigerator,Sink faucet - cold,Freezer,Garbage disposal,Microwave,Sink faucet - cold,Sink faucet - cold,Toaster,Microwave,Toaster,Toaster,Toaster,Toaster,Toaster,Toaster,Drawer,Sink faucet - cold,Toaster,Microwave,Microwave
13:40:11,13:42:4,13:42:39,13:43:16,13:43:28,13:44:15,13:44:56,13:45:19,13:46:37,13:48:17,13:49:57,13:52:0,13:53:20,13:55:51,13:57:25,13:58:26,14:0:57,14:1:44,14:4:55,14:6:54
13:41:0,13:42:12,13:42:59,21:3:58,13:43:32,13:44:43,13:45:2,13:46:31,13:47:11,13:48:35,13:50:10,13:52:11,13:54:2,13:56:6,14:0:14,14:0:34,14:1:1,14:2:44,14:4:58,14:7:4
Toileting,4/20/2003,5:39:36,5:49:43
98,137,137
Light switch,Door,Door
5:39:55,5:46:31,5:48:25
7:30:54,5:48:24,9:28:57
Watching TV,4/20/2003,7:21:55,8:13:6
119,98,141,119,126,141,141
Light switch,Light switch,TV,Light switch,Drawer,TV,TV
7:25:25,7:32:57,7:33:29,7:37:36,7:42:35,7:44:38,7:44:49
7:36:36,7:42:32,7:33:37,19:9:22,12:1:5,7:44:40,13:53:55
Putting away laundry,4/20/2003,20:37:14,20:49:7
72,128,51
Drawer,Drawer,Door
20:39:19,20:42:56,20:47:46
20:39:22,20:43:2,20:47:51
Putting away dishes,4/20/2003,19:24:33,19:36:14
128,106,75,51,74,53,140,132
Drawer,Light switch,Light switch,Door,Refrigerator,Light switch,Cabinet,Drawer
19:23:39,19:23:57,19:26:36,19:26:53,19:26:54,19:27:43,19:27:50,19:31:56
19:23:42,19:26:8,19:39:2,19:39:59,19:26:58,19:39:2,19:29:45,19:33:4
Putting away dishes,4/20/2003,17:37:18,17:49:51
91,84,132,84,51,140,96,96,91,91,79,96,74,91,96,51,91,96,74,140,140
Sink faucet - cold,Garbage disposal,Drawer,Garbage disposal,Door,Cabinet,Sink faucet - cold,Sink faucet - cold,Sink faucet - cold,Sink faucet - cold,Cabinet,Sink faucet - cold,Refrigerator,Sink faucet - cold,Sink faucet - cold,Door,Sink faucet - cold,Sink faucet - cold,Refrigerator,Cabinet,Cabinet
17:36:45,17:37:43,17:37:46,17:37:46,17:37:51,17:38:16,17:38:44,17:38:51,17:38:52,17:39:9,17:39:11,17:39:32,17:39:59,17:40:34,17:40:47,17:41:39,17:41:46,17:42:2,17:44:24,17:48:5,17:48:41
17:37:21,17:37:44,17:40:35,17:39:34,17:41:38,17:38:37,17:38:50,17:39:5,17:39:6,17:40:27,17:39:24,17:40:16,17:40:3,17:40:37,17:40:51,19:9:53,18:26:42,17:42:5,17:44:28,17:48:10,17:48:55
Other,4/20/2003,13:46:56,15:45:58
74,66,74,74,74,85,140,61,85,141,141,141,107,141,141,60,85
Refrigerator,Refrigerator,Refrigerator,Refrigerator,Refrigerator,Door,Cabinet,Cabinet,Door,TV,TV,TV,Light switch,TV,TV,Shower faucet,Door
13:46:25,13:46:34,13:46:46,13:47:0,13:47:25,14:24:6,14:24:52,14:24:53,14:26:16,14:49:31,14:49:38,14:49:42,15:0:35,15:39:5,15:39:8,15:42:16,15:44:9
13:46:36,13:47:31,13:46:53,13:47:20,13:48:35,14:24:10,14:25:3,14:25:2,14:26:30,14:49:34,14:49:40,15:38:57,19:33:54,15:39:8,15:39:11,15:42:46,15:44:18
Toileting,4/20/2003,10:50:3,11:8:5
74,96,137
Refrigerator,Sink faucet - cold,Door
10:52:31,10:56:16,10:58:25
10:52:43,12:17:4,12:44:20
Toileting,4/20/2003,12:37:6,12:52:32
137
Door
12:44:33
16:35:39
Preparing breakfast,4/20/2003,4:39:36,4:55:9
109,75,53,142,84,51,84,115,115,53
Light switch,Light switch,Light switch,Cabinet,Garbage disposal,Door,Garbage disposal,Microwave,Microwave,Light switch
4:41:39,4:41:46,4:42:35,4:42:39,4:46:27,4:47:22,4:47:25,4:47:48,4:50:9,4:54:18
5:17:14,4:54:17,4:46:4,4:42:48,4:47:24,9:1:32,9:18:11,4:47:57,4:50:33,9:40:14
Toileting,4/20/2003,5:14:33,5:21:52
137,94,109
Door,Sink faucet - cold,Light switch
5:15:32,5:18:29,5:19:25
5:43:7,5:18:49,19:18:50
Bathing,4/20/2003,9:31:20,9:43:52
130,60,51,74,60,84,51,84,84,51,84
Shower faucet,Shower faucet,Door,Refrigerator,Shower faucet,Garbage disposal,Door,Garbage disposal,Garbage disposal,Door,Garbage disposal
9:32:28,9:34:48,9:37:0,9:37:19,9:38:0,9:38:46,9:39:14,9:40:20,9:42:46,9:42:57,9:44:25
9:36:10,9:34:52,9:37:5,9:37:43,9:41:37,9:40:18,9:40:20,9:42:45,9:44:21,9:43:4,9:50:12
Dressing,4/20/2003,9:23:57,9:28:34
128,78,78,78
Drawer,Hamper,Hamper,Hamper
9:23:48,9:25:27,9:26:0,9:26:13
9:24:22,9:25:59,9:26:12,9:27:58
Preparing lunch,4/20/2003,9:46:17,10:27:41
51,51,140,140,51,91,84,96,51,84,137,85,137,133,85,96,140,61,51,51,60,137,51,106,115,115
Door,Door,Cabinet,Cabinet,Door,Sink faucet - cold,Garbage disposal,Sink faucet - cold,Door,Garbage disposal,Door,Door,Door,Door,Door,Sink faucet - cold,Cabinet,Cabinet,Door,Door,Shower faucet,Door,Door,Light switch,Microwave,Microwave
9:45:27,9:46:2,9:46:58,9:47:56,9:48:37,9:48:53,9:50:13,9:50:23,9:50:46,9:52:46,9:54:30,9:55:15,9:56:1,9:56:29,9:56:55,9:57:21,10:0:42,10:1:11,10:4:35,10:5:4,10:6:7,10:9:13,10:11:26,10:13:41,10:14:13,10:21:10
9:45:35,9:46:13,9:47:15,9:47:58,9:48:46,9:48:54,9:52:45,9:57:16,10:4:16,10:4:15,9:55:36,9:55:18,9:56:2,9:56:32,9:57:0,10:55:55,10:2:7,10:1:13,10:4:44,10:5:9,15:39:3,10:58:16,11:15:0,10:41:46,10:14:17,10:21:16
Washing dishes,4/20/2003,17:31:24,17:36:13
114,51,91,91,91
Drawer,Door,Sink faucet - cold,Sink faucet - cold,Sink faucet - cold
17:35:6,17:35:20,17:35:27,17:35:38,17:36:45
17:35:9,17:37:23,17:35:30,17:36:17,17:37:21
Toileting,4/21/2003,14:1:2,14:22:3
137,141,141,100,137
Door,TV,TV,Sink faucet - hot,Door
14:6:18,14:7:35,14:7:41,14:10:46,14:12:32
14:12:29,14:7:38,14:7:44,14:11:28,14:14:53
Watching TV,4/21/2003,7:4:6,7:39:6
141,141,100,100,96,100
TV,TV,Sink faucet - hot,Sink faucet - hot,Sink faucet - cold,Sink faucet - hot
7:10:4,7:10:18,7:17:21,7:17:58,7:19:8,7:20:6
7:10:7,7:10:21,7:17:49,7:18:19,10:8:26,7:20:17
Washing dishes,4/21/2003,7:8:10,7:34:47
141,141,100,100,96,100
TV,TV,Sink faucet - hot,Sink faucet - hot,Sink faucet - cold,Sink faucet - hot
7:10:4,7:10:18,7:17:21,7:17:58,7:19:8,7:20:6
7:10:7,7:10:21,7:17:49,7:18:19,10:8:26,7:20:17
Taking medication,4/21/2003,1:15:9,1:32:8
74
Refrigerator
1:22:34
1:22:45
Listening to music,4/21/2003,9:13:29,10:15:8
100,51,51,122,98,107,133,122,96,74,115,84,115,84
Sink faucet - hot,Door,Door,Stereo,Light switch,Light switch,Door,Stereo,Sink faucet - cold,Refrigerator,Microwave,Garbage disposal,Microwave,Garbage disposal
9:13:4,9:18:19,9:18:37,9:22:48,9:23:32,9:23:50,9:39:37,10:6:50,10:9:20,10:10:13,10:10:48,10:14:52,10:14:58,10:16:6
9:13:15,9:18:25,21:12:11,9:48:10,17:58:23,20:4:31,18:56:37,14:47:9,10:10:1,10:10:47,10:11:0,10:16:1,10:15:30,17:11:7
Preparing lunch,4/21/2003,10:3:10,10:22:43
122,96,74,115,84,115,84,115,115
Stereo,Sink faucet - cold,Refrigerator,Microwave,Garbage disposal,Microwave,Garbage disposal,Microwave,Microwave
10:6:50,10:9:20,10:10:13,10:10:48,10:14:52,10:14:58,10:16:6,10:16:24,10:18:56
14:47:9,10:10:1,10:10:47,10:11:0,10:16:1,10:15:30,17:11:7,10:16:34,10:19:21
Taking medication,4/21/2003,13:4:33,13:18:22
74,97,97
Refrigerator,Refrigerator,Refrigerator
13:11:6,13:11:10,13:11:24
13:11:30,13:11:23,13:11:28
Watching TV,4/21/2003,13:57:57,14:13:56
137,141,141,100,137
Door,TV,TV,Sink faucet - hot,Door
14:6:18,14:7:35,14:7:41,14:10:46,14:12:32
14:12:29,14:7:38,14:7:44,14:11:28,14:14:53
Preparing dinner,4/21/2003,17:3:36,17:52:32
85,75,74,115,74,74,115,60,60,74,74,96,96,74,74,74,74,74,96,94,53
Door,Light switch,Refrigerator,Microwave,Refrigerator,Refrigerator,Microwave,Shower faucet,Shower faucet,Refrigerator,Refrigerator,Sink faucet - cold,Sink faucet - cold,Refrigerator,Refrigerator,Refrigerator,Refrigerator,Refrigerator,Sink faucet - cold,Sink faucet - cold,Light switch
17:5:14,17:6:57,17:7:42,17:7:56,17:8:37,17:8:56,17:11:11,17:17:58,17:18:2,17:20:11,17:31:43,17:32:20,17:32:31,17:32:43,17:34:10,17:35:52,17:47:8,17:48:1,17:49:1,17:49:56,17:51:0
17:5:22,17:51:0,17:7:51,17:8:0,17:8:46,17:9:3,17:11:37,17:18:0,19:6:43,17:20:15,17:31:48,17:32:30,17:48:28,17:32:58,17:34:16,17:36:2,17:47:39,17:48:23,19:54:13,17:50:7,19:54:55
Preparing a snack,4/21/2003,21:8:3,21:17:31
119,51,145
Light switch,Door,Light switch
21:12:13,21:13:16,21:17:5
21:13:17,21:13:24,21:17:8
Other,4/21/2003,21:12:21,21:37:42
119,51,145
Light switch,Door,Light switch
21:12:13,21:13:16,21:17:5
21:13:17,21:13:24,21:17:8
Taking medication,4/21/2003,19:48:12,20:2:48
75,54,74,74
Light switch,Cabinet,Refrigerator,Refrigerator
19:53:46,19:54:20,19:54:48,19:59:51
19:54:55,19:54:34,19:54:50,19:59:54
Toileting,4/21/2003,5:24:53,5:40:33
137
Door
5:26:47
5:39:11
Preparing breakfast,4/21/2003,5:47:12,6:22:14
74,51,114,114,74,75,137,74,84,84,115,54,51,115,53,51,51,96,100
Refrigerator,Door,Drawer,Drawer,Refrigerator,Light switch,Door,Refrigerator,Garbage disposal,Garbage disposal,Microwave,Cabinet,Door,Microwave,Light switch,Door,Door,Sink faucet - cold,Sink faucet - hot
5:49:28,5:49:43,5:50:7,5:51:38,5:51:45,5:52:9,5:53:30,5:55:30,5:56:50,5:58:0,5:58:16,5:59:24,5:59:59,6:0:16,6:0:52,6:6:48,6:8:56,6:19:24,6:21:21
5:49:36,5:51:47,5:50:18,5:51:40,5:51:50,6:19:32,10:28:12,5:55:34,5:57:59,10:14:52,5:58:23,5:59:40,6:0:11,6:0:45,6:19:31,6:6:53,6:9:0,7:18:33,7:16:44
Taking medication,4/22/2003,2:34:40,2:46:13
74
Refrigerator
2:41:15
2:41:27
Preparing breakfast,4/22/2003,5:17:39,5:49:28
74,74,74,138,53,84,51,115,115,84
Refrigerator,Refrigerator,Refrigerator,Cabinet,Light switch,Garbage disposal,Door,Microwave,Microwave,Garbage disposal
5:19:21,5:20:24,5:24:8,5:26:8,5:26:24,5:26:36,5:26:39,5:27:12,5:30:5,5:33:23
5:19:28,5:20:27,5:24:11,5:26:17,7:14:32,5:33:21,19:15:48,5:28:11,5:30:41,16:48:31
Washing dishes,4/22/2003,5:52:33,6:6:36
75,54,96,115,96,96,94,96
Light switch,Cabinet,Sink faucet - cold,Microwave,Sink faucet - cold,Sink faucet - cold,Sink faucet - cold,Sink faucet - cold
5:55:29,5:55:37,5:56:47,5:57:5,5:57:54,5:58:26,6:0:33,6:4:6
6:4:41,5:55:51,5:57:24,5:57:8,5:58:22,6:3:39,6:0:50,6:38:20
Going out for shopping,4/22/2003,7:50:31,8:6:33
98,85
Light switch,Door
7:57:56,7:58:42
13:59:30,7:58:52
Toileting,4/22/2003,6:34:52,6:46:54
115,115,115,75,106,96,94,115
Microwave,Microwave,Microwave,Light switch,Light switch,Sink faucet - cold,Sink faucet - cold,Microwave
6:36:23,6:36:41,6:36:47,6:37:5,6:37:10,6:38:58,6:42:20,6:43:7
6:36:28,6:36:45,6:41:2,7:14:32,7:14:45,16:48:40,6:42:22,6:43:41
Washing dishes,4/22/2003,16:47:27,17:0:54
84,54,122,74,74
Garbage disposal,Cabinet,Stereo,Refrigerator,Refrigerator
16:48:32,16:48:45,16:53:21,16:53:50,16:58:58
16:59:36,16:49:10,17:22:12,16:54:6,16:59:30
Listening to music,4/22/2003,15:59:47,17:31:17
122,122,122,84,54,122,74,74,122
Stereo,Stereo,Stereo,Garbage disposal,Cabinet,Stereo,Refrigerator,Refrigerator,Stereo
16:3:40,16:30:20,16:35:12,16:48:32,16:48:45,16:53:21,16:53:50,16:58:58,17:27:10
16:3:47,16:30:28,16:35:21,16:59:36,16:49:10,17:22:12,16:54:6,16:59:30,17:27:15
Watching TV,4/22/2003,19:21:34,19:30:24
51,141
Door,TV
19:22:10,19:25:29
19:22:14,19:25:36
Preparing dinner,4/22/2003,18:21:25,19:25:25
64,74,74,117,64,57,57,75,114,74,74,74,74,74,51,141
Cabinet,Refrigerator,Refrigerator,Burner,Cabinet,Cabinet,Cabinet,Light switch,Drawer,Refrigerator,Refrigerator,Refrigerator,Refrigerator,Refrigerator,Door,TV
18:27:59,18:28:8,18:28:37,18:29:0,18:31:2,18:40:34,18:40:45,18:40:53,18:41:45,18:54:18,19:5:23,19:5:50,19:15:51,19:16:20,19:22:10,19:25:29
18:28:6,18:28:13,18:28:40,18:46:38,18:31:9,18:40:44,18:41:3,19:6:3,18:41:54,18:54:23,19:5:33,19:5:57,19:15:56,19:16:25,19:22:14,19:25:36
Toileting,4/22/2003,15:54:4,16:7:38
122
Stereo
16:3:40
16:3:47
Toileting,4/22/2003,7:6:38,7:10:51
112
Toilet Flush
7:10:17
7:10:18
Preparing lunch,4/22/2003,12:26:2,13:0:36
85,103,67,67,75,74,74,115,74,119,70,106,115,74,53
Door,Light switch,Cabinet,Cabinet,Light switch,Refrigerator,Refrigerator,Microwave,Refrigerator,Light switch,Freezer,Light switch,Microwave,Refrigerator,Light switch
12:32:6,12:32:22,12:33:36,12:34:16,12:41:22,12:41:26,12:41:40,12:42:4,12:43:1,12:44:19,12:45:12,12:47:26,12:48:7,12:48:59,12:50:33
12:32:29,16:22:34,12:34:15,18:46:54,12:50:33,12:41:35,12:42:0,12:42:5,12:43:17,12:45:22,12:45:16,13:52:33,12:48:59,12:49:3,19:6:3
Preparing a snack,4/22/2003,7:13:11,7:19:43
74,115,115
Refrigerator,Microwave,Microwave
7:13:41,7:14:3,7:19:14
7:14:2,7:14:15,7:19:21
Taking medication,4/23/2003,0:40:55,0:46:4
53,74
Light switch,Refrigerator
0:42:38,0:43:16
5:7:21,0:43:23
Preparing breakfast,4/23/2003,5:3:59,5:13:41
75,74,64,67,53,57,74,109
Light switch,Refrigerator,Cabinet,Cabinet,Light switch,Cabinet,Refrigerator,Light switch
5:5:49,5:5:57,5:7:4,5:8:12,5:9:1,5:9:3,5:11:30,5:13:13
5:58:4,5:6:2,5:7:10,5:8:57,5:58:3,15:53:21,5:11:33,5:16:1
Talking on telephone,4/23/2003,6:24:5,6:28:14
69,74
Telephone,Refrigerator
6:26:39,6:27:56
15:3:57,6:27:59
Going out for shopping,4/23/2003,7:21:39,7:26:48
98,99,85,95
Light switch,Light switch,Door,Light switch
7:21:15,7:23:15,7:24:45,7:24:58
15:37:59,16:5:20,7:25:4,15:35:48
Toileting,4/23/2003,5:44:29,5:59:28
70,115,100,115,115,115,106,115,109,115
Freezer,Microwave,Sink faucet - hot,Microwave,Microwave,Microwave,Light switch,Microwave,Light switch,Microwave
5:44:0,5:44:15,5:48:33,5:49:0,5:50:30,5:51:27,5:53:21,5:54:9,5:57:33,5:57:40
5:44:13,5:44:30,5:49:55,5:49:25,5:50:37,5:51:38,6:22:46,5:54:31,7:17:38,5:57:57
Toileting,4/23/2003,5:10:2,5:20:53
57,74,109,109
Cabinet,Refrigerator,Light switch,Light switch
5:9:3,5:11:30,5:13:13,5:16:47
15:53:21,5:11:33,5:16:1,5:46:10
Watching TV,4/23/2003,5:38:36,6:12:10
74,70,115,100,115,115,115,106,115,109,115,141,141,141
Refrigerator,Freezer,Microwave,Sink faucet - hot,Microwave,Microwave,Microwave,Light switch,Microwave,Light switch,Microwave,TV,TV,TV
5:43:15,5:44:0,5:44:15,5:48:33,5:49:0,5:50:30,5:51:27,5:53:21,5:54:9,5:57:33,5:57:40,6:7:45,6:7:51,6:7:57
5:43:23,5:44:13,5:44:30,5:49:55,5:49:25,5:50:37,5:51:38,6:22:46,5:54:31,7:17:38,5:57:57,6:7:48,6:7:55,6:7:59
Putting away groceries,4/23/2003,10:29:18,10:36:1
51,115,51,51,75,54,142,70,74,66,74,66,51
Door,Microwave,Door,Door,Light switch,Cabinet,Cabinet,Freezer,Refrigerator,Refrigerator,Refrigerator,Refrigerator,Door
10:29:46,10:30:4,10:31:12,10:32:3,10:32:12,10:32:26,10:33:12,10:33:39,10:34:15,10:34:40,10:35:13,10:35:24,10:35:52
10:31:0,10:30:7,10:31:51,10:32:6,10:46:55,10:32:35,10:33:18,10:34:5,10:34:47,10:35:20,10:35:35,16:10:55,16:13:10
Preparing lunch,4/23/2003,10:37:50,10:47:33
138,115,84,115,53,74,70
Cabinet,Microwave,Garbage disposal,Microwave,Light switch,Refrigerator,Freezer
10:38:27,10:38:36,10:42:58,10:43:45,10:46:54,10:46:59,10:47:13
15:50:45,10:38:57,11:9:43,10:43:55,15:46:40,10:47:12,12:5:40
Washing dishes,4/23/2003,11:43:36,11:55:26
96,84,96,96,96,119,114,114,140
Sink faucet - cold,Garbage disposal,Sink faucet - cold,Sink faucet - cold,Sink faucet - cold,Light switch,Drawer,Drawer,Cabinet
11:46:33,11:46:43,11:47:28,11:49:57,11:50:5,11:50:52,11:53:27,11:55:55,11:56:14
11:47:12,12:25:26,11:49:55,11:50:2,14:39:54,11:52:2,11:53:29,11:55:56,11:56:23
Listening to music,4/23/2003,11:18:4,11:39:56
85,122,122
Door,Stereo,Stereo
11:22:40,11:29:49,11:38:28
11:24:28,11:29:54,16:6:59
Toileting,4/23/2003,13:51:6,14:10:9
112,85
Toilet Flush,Door
13:59:44,14:0:32
13:59:45,14:0:46
Watching TV,4/23/2003,14:30:34,15:57:40
84,96,141,141,69,135,85,104,114,84,96,96,98,75,96,112,120,96,114,84,100,67,100,100,96,141,141,141,100,64,79,73,100,96,96,107,112,96,73,64,67,96,115,137
Garbage disposal,Sink faucet - cold,TV,TV,Telephone,Drawer,Door,Cabinet,Drawer,Garbage disposal,Sink faucet - cold,Sink faucet - cold,Light switch,Light switch,Sink faucet - cold,Toilet Flush,Light switch,Sink faucet - cold,Drawer,Garbage disposal,Sink faucet - hot,Cabinet,Sink faucet - hot,Sink faucet - hot,Sink faucet - cold,TV,TV,TV,Sink faucet - hot,Cabinet,Cabinet,Cabinet,Sink faucet - hot,Sink faucet - cold,Sink faucet - cold,Light switch,Toilet Flush,Sink faucet - cold,Cabinet,Cabinet,Cabinet,Sink faucet - cold,Microwave,Door
14:38:59,14:39:56,14:40:14,14:42:45,15:10:43,15:23:55,15:34:38,15:35:48,15:36:15,15:36:18,15:36:51,15:37:14,15:38:0,15:38:15,15:38:46,15:40:39,15:43:48,15:43:56,15:45:3,15:46:1,15:46:29,15:46:39,15:46:45,15:46:57,15:46:58,15:48:15,15:48:19,15:48:22,15:48:24,15:48:27,15:48:41,15:48:42,15:49:1,15:49:14,15:50:15,15:50:17,15:52:12,15:52:20,15:52:43,15:53:14,15:53:19,15:54:32,15:56:45,15:57:24
15:36:17,15:36:49,14:42:36,14:42:47,15:22:4,21:50:5,15:35:10,15:36:10,15:37:23,15:45:59,15:36:52,15:37:25,15:57:24,16:21:53,15:39:43,15:40:40,15:57:23,15:44:25,15:45:6,15:51:6,15:46:30,15:47:55,15:46:47,15:47:34,15:47:2,15:48:17,15:48:21,15:48:23,15:48:30,15:48:35,16:10:37,15:48:43,15:49:2,15:49:55,15:50:18,21:37:33,15:52:14,15:52:24,15:54:13,15:53:18,15:54:23,15:54:36,15:58:50,16:13:51
Dressing,4/23/2003,19:17:31,19:31:54
137,137,78
Door,Door,Hamper
19:20:14,19:21:9,19:29:12
19:21:7,19:28:21,22:21:56
Talking on telephone,4/23/2003,15:0:55,15:24:24
69,135
Telephone,Drawer
15:10:43,15:23:55
15:22:4,21:50:5
Toileting,4/23/2003,15:39:10,15:53:51
75,96,112,120,96,114,84,100,67,100,100,96,141,141,141,100,64,79,73,100,96,96,107,112,96,73,64,67,96
Light switch,Sink faucet - cold,Toilet Flush,Light switch,Sink faucet - cold,Drawer,Garbage disposal,Sink faucet - hot,Cabinet,Sink faucet - hot,Sink faucet - hot,Sink faucet - cold,TV,TV,TV,Sink faucet - hot,Cabinet,Cabinet,Cabinet,Sink faucet - hot,Sink faucet - cold,Sink faucet - cold,Light switch,Toilet Flush,Sink faucet - cold,Cabinet,Cabinet,Cabinet,Sink faucet - cold
15:38:15,15:38:46,15:40:39,15:43:48,15:43:56,15:45:3,15:46:1,15:46:29,15:46:39,15:46:45,15:46:57,15:46:58,15:48:15,15:48:19,15:48:22,15:48:24,15:48:27,15:48:41,15:48:42,15:49:1,15:49:14,15:50:15,15:50:17,15:52:12,15:52:20,15:52:43,15:53:14,15:53:19,15:54:32
16:21:53,15:39:43,15:40:40,15:57:23,15:44:25,15:45:6,15:51:6,15:46:30,15:47:55,15:46:47,15:47:34,15:47:2,15:48:17,15:48:21,15:48:23,15:48:30,15:48:35,16:10:37,15:48:43,15:49:2,15:49:55,15:50:18,21:37:33,15:52:14,15:52:24,15:54:13,15:53:18,15:54:23,15:54:36
Preparing dinner,4/23/2003,16:2:21,17:21:7
109,91,98,85,95,99,124,79,73,137,108,104,84,84,51,84,51,53,103,85,98,64,75,114,137,51,96,137,137,137,138,117,118,120,119,74,66,74,66,74,115,96,74,66,74,84,96,74,96,51,84,115,115,74
Light switch,Sink faucet - cold,Light switch,Door,Light switch,Light switch,Containers,Cabinet,Cabinet,Door,Toaster,Cabinet,Garbage disposal,Garbage disposal,Door,Garbage disposal,Door,Light switch,Light switch,Door,Light switch,Cabinet,Light switch,Drawer,Door,Door,Sink faucet - cold,Door,Door,Door,Cabinet,Burner,Sink faucet - cold,Light switch,Light switch,Refrigerator,Refrigerator,Refrigerator,Refrigerator,Refrigerator,Microwave,Sink faucet - cold,Refrigerator,Refrigerator,Refrigerator,Garbage disposal,Sink faucet - cold,Refrigerator,Sink faucet - cold,Door,Garbage disposal,Microwave,Microwave,Refrigerator
16:2:22,16:2:49,16:3:6,16:6:47,16:7:12,16:7:23,16:12:27,16:13:19,16:13:21,16:15:6,16:15:41,16:17:16,16:18:49,16:19:15,16:19:19,16:19:47,16:19:57,16:21:53,16:22:35,16:22:41,16:23:17,16:25:20,16:25:34,16:26:20,16:27:59,16:30:23,16:30:29,16:31:49,16:32:22,16:32:26,16:35:40,16:36:6,16:36:10,16:36:11,16:40:29,16:46:6,16:46:11,16:49:5,16:49:8,16:52:57,17:3:6,17:7:5,17:9:37,17:9:42,17:9:55,17:10:17,17:10:38,17:11:55,17:12:26,17:15:44,17:16:28,17:16:38,17:17:55,17:18:9
21:5:56,21:17:10,16:15:15,16:7:10,16:22:35,19:1:39,16:39:47,16:13:26,16:13:26,16:23:52,16:15:45,16:17:24,16:18:50,16:19:16,16:19:33,17:10:16,16:22:6,16:22:9,16:22:36,16:22:57,16:38:1,16:25:28,17:29:47,16:26:25,16:28:1,16:42:7,17:6:47,16:32:20,16:32:25,16:32:30,17:18:42,16:58:37,16:36:11,16:36:12,16:41:25,16:46:21,16:46:22,16:49:20,16:49:20,16:53:5,17:3:16,17:10:27,17:9:49,17:9:49,17:10:1,17:16:27,17:12:14,17:12:0,17:13:22,17:56:37,17:29:7,17:16:41,17:18:4,17:18:27
Taking medication,4/24/2003,5:40:14,5:44:41
84,74
Garbage disposal,Refrigerator
5:42:50,5:42:53
6:29:4,5:42:58
Preparing breakfast,4/24/2003,6:20:12,6:37:26
107,75,51,96,67,67,142,84,74
Light switch,Light switch,Door,Sink faucet - cold,Cabinet,Cabinet,Cabinet,Garbage disposal,Refrigerator
6:22:45,6:23:4,6:23:13,6:25:39,6:28:9,6:29:13,6:30:3,6:32:10,6:32:19
10:11:3,6:36:46,17:48:41,6:58:37,6:28:34,6:29:24,6:30:12,6:58:15,6:32:26
Washing dishes,4/24/2003,6:55:57,7:0:49
74,96
Refrigerator,Sink faucet - cold
6:58:7,6:58:44
6:58:14,7:21:12
Watching TV,4/24/2003,6:59:3,7:8:22
74,96,141,141
Refrigerator,Sink faucet - cold,TV,TV
6:58:7,6:58:44,7:3:36,7:3:43
6:58:14,7:21:12,7:3:40,7:3:44
Watching TV,4/24/2003,14:25:44,14:47:52
141,67,57,74,74,74
TV,Cabinet,Cabinet,Refrigerator,Refrigerator,Refrigerator
14:35:20,14:37:36,14:37:42,14:37:52,14:38:15,14:38:30
18:11:30,14:37:41,14:39:4,14:37:59,14:38:20,14:38:36
Watching TV,4/24/2003,18:7:29,20:34:0
141,98,141,141,109,141,141,75,115,109,96
TV,Light switch,TV,TV,Light switch,TV,TV,Light switch,Microwave,Light switch,Sink faucet - cold
18:11:37,18:57:36,19:25:41,20:10:17,20:11:36,20:30:14,20:30:22,20:31:7,20:31:52,20:33:20,20:34:10
18:24:22,18:58:15,20:10:8,20:10:20,20:33:4,20:30:18,20:30:25,20:53:6,20:32:6,22:21:29,20:47:30
Preparing a snack,4/24/2003,17:34:3,18:12:54
122,98,54,117,120,117,91,111,104,111,104,111,104,141
Stereo,Light switch,Cabinet,Burner,Light switch,Burner,Sink faucet - cold,Cabinet,Cabinet,Cabinet,Cabinet,Cabinet,Cabinet,TV
17:41:13,17:47:52,17:49:10,17:50:23,17:50:25,17:50:26,17:50:28,17:51:44,17:53:12,17:56:38,18:3:9,18:3:30,18:3:43,18:11:37
20:51:50,18:48:45,17:49:33,17:50:26,17:50:26,18:5:14,17:50:29,17:56:37,17:56:38,18:3:28,18:3:30,18:3:52,18:3:52,18:24:22
Listening to music,4/24/2003,20:50:7,21:50:58
108,74,53,108,66,122
Toaster,Refrigerator,Light switch,Toaster,Refrigerator,Stereo
20:50:16,20:50:37,20:53:6,20:53:8,21:25:0,21:49:4
20:50:25,20:50:41,22:17:54,20:53:14,23:35:36,21:49:10
Preparing dinner,4/24/2003,20:45:37,20:55:51
115,74,108,74,53,108
Microwave,Refrigerator,Toaster,Refrigerator,Light switch,Toaster
20:48:7,20:49:4,20:50:16,20:50:37,20:53:6,20:53:8
20:48:19,20:49:17,20:50:25,20:50:41,22:17:54,20:53:14
Toileting,4/24/2003,7:39:12,7:55:5
137
Door
7:48:42
10:58:19
Listening to music,4/24/2003,14:57:59,17:17:55
74,70,96,91,122,122,122,98,122
Refrigerator,Freezer,Sink faucet - cold,Sink faucet - cold,Stereo,Stereo,Stereo,Light switch,Stereo
14:57:30,14:57:51,14:58:37,15:1:13,15:4:34,16:36:54,16:37:38,16:43:12,17:9:31
14:57:51,16:47:23,20:33:32,15:2:0,15:4:39,16:37:9,16:37:51,17:41:49,17:9:36
Listening to music,4/24/2003,10:37:10,12:46:19
74,122,107,137,122,57,67,57,137,96,74,74,108,115,74,115,137,108,57,74,84,108,84,74,96,85
Refrigerator,Stereo,Light switch,Door,Stereo,Cabinet,Cabinet,Cabinet,Door,Sink faucet - cold,Refrigerator,Refrigerator,Toaster,Microwave,Refrigerator,Microwave,Door,Toaster,Cabinet,Refrigerator,Garbage disposal,Toaster,Garbage disposal,Refrigerator,Sink faucet - cold,Door
10:44:56,10:47:48,10:59:24,10:59:54,11:9:43,11:15:6,11:15:27,11:15:29,11:16:42,11:17:1,11:17:38,11:17:47,11:17:56,11:18:50,11:19:8,11:19:35,11:19:53,11:20:36,11:22:34,11:59:13,12:1:39,12:1:46,12:3:53,12:5:34,12:18:40,12:24:7
10:45:9,10:47:55,14:16:32,11:16:22,12:27:24,11:15:20,11:22:34,11:15:30,11:18:42,11:58:28,11:17:45,11:17:52,11:17:59,11:19:28,11:19:14,12:1:36,22:30:35,11:20:43,11:22:45,11:59:33,12:3:52,12:1:48,22:42:45,12:5:39,14:58:1,12:24:17
Toileting,4/24/2003,11:13:25,11:23:40
57,67,57,137,96,74,74,108,115,74,115,137,108,57
Cabinet,Cabinet,Cabinet,Door,Sink faucet - cold,Refrigerator,Refrigerator,Toaster,Microwave,Refrigerator,Microwave,Door,Toaster,Cabinet
11:15:6,11:15:27,11:15:29,11:16:42,11:17:1,11:17:38,11:17:47,11:17:56,11:18:50,11:19:8,11:19:35,11:19:53,11:20:36,11:22:34
11:15:20,11:22:34,11:15:30,11:18:42,11:58:28,11:17:45,11:17:52,11:17:59,11:19:28,11:19:14,12:1:36,22:30:35,11:20:43,11:22:45
Preparing lunch,4/24/2003,9:20:34,10:14:29
74,91,91,115,57,74,87,64,64,96,117,120,117,120,117,96,96,96,96,54,64,67
Refrigerator,Sink faucet - cold,Sink faucet - cold,Microwave,Cabinet,Refrigerator,Refrigerator,Cabinet,Cabinet,Sink faucet - cold,Burner,Light switch,Burner,Light switch,Burner,Sink faucet - cold,Sink faucet - cold,Sink faucet - cold,Sink faucet - cold,Cabinet,Cabinet,Cabinet
9:26:41,9:29:3,9:29:10,9:31:10,9:32:7,9:35:39,9:35:45,9:36:27,9:39:25,9:41:8,9:46:27,9:46:29,9:46:37,9:46:40,9:46:42,9:52:59,9:53:37,9:55:3,9:55:17,10:5:58,10:6:41,10:7:18
9:31:44,9:29:6,9:29:17,9:31:12,9:32:17,9:36:20,9:36:1,9:36:36,9:39:27,9:52:21,9:46:29,9:46:33,9:46:41,9:46:41,11:14:16,9:53:26,9:54:59,9:55:14,11:16:40,10:6:14,10:7:2,10:7:25
Preparing a snack,4/25/2003,4:16:33,4:48:31
66,74,91,54,91,91,84,137,67,57,67,53,74,74
Refrigerator,Refrigerator,Sink faucet - cold,Cabinet,Sink faucet - cold,Sink faucet - cold,Garbage disposal,Door,Cabinet,Cabinet,Cabinet,Light switch,Refrigerator,Refrigerator
4:18:47,4:19:29,4:22:46,4:23:19,4:23:59,4:24:6,4:26:12,4:26:59,4:27:34,4:29:21,4:29:21,4:29:32,4:29:48,4:31:12
4:42:55,4:19:33,4:23:55,7:34:22,4:24:6,9:51:23,7:41:50,6:43:51,4:29:19,4:29:28,9:26:8,7:41:57,4:30:4,4:31:18
Taking medication,4/25/2003,1:54:34,2:0:39
74
Refrigerator
1:58:11
1:58:18
Preparing breakfast,4/25/2003,7:16:59,7:44:26
74,64,75,51,115,96,96,115,51,96,64,115,108,115,74,53,75,122
Refrigerator,Cabinet,Light switch,Door,Microwave,Sink faucet - cold,Sink faucet - cold,Microwave,Door,Sink faucet - cold,Cabinet,Microwave,Toaster,Microwave,Refrigerator,Light switch,Light switch,Stereo
7:20:32,7:20:54,7:21:28,7:23:0,7:26:19,7:26:55,7:30:16,7:30:37,7:30:42,7:32:10,7:33:34,7:33:42,7:33:51,7:40:55,7:41:45,7:41:57,7:41:58,7:42:21
7:20:39,7:21:1,7:41:57,7:23:59,7:26:28,7:30:6,7:32:1,7:30:39,7:30:50,7:36:48,7:33:38,7:36:29,7:33:56,7:40:57,7:41:50,20:56:58,20:29:42,7:42:31
Listening to music,4/25/2003,7:39:6,7:43:57
115,74,53,75,122
Microwave,Refrigerator,Light switch,Light switch,Stereo
7:40:55,7:41:45,7:41:57,7:41:58,7:42:21
7:40:57,7:41:50,20:56:58,20:29:42,7:42:31
Toileting,4/25/2003,6:39:26,7:3:38
137,137,137,137,137
Door,Door,Door,Door,Door
6:44:3,6:44:5,6:44:8,6:44:14,6:46:1
6:44:4,6:44:8,6:44:10,6:44:27,6:58:55
Preparing lunch,4/25/2003,11:19:33,12:21:36
115,115,108,74,115,74,115,115,115,115,108,115,74,115,96
Microwave,Microwave,Toaster,Refrigerator,Microwave,Refrigerator,Microwave,Microwave,Microwave,Microwave,Toaster,Microwave,Refrigerator,Microwave,Sink faucet - cold
11:26:34,11:28:44,11:30:4,11:30:47,11:31:14,11:34:7,11:36:32,11:37:1,11:38:32,11:40:39,11:41:45,11:55:13,12:9:36,12:11:59,12:12:6
11:26:36,11:28:50,11:39:18,11:30:51,11:31:16,11:34:13,11:36:48,11:37:20,11:38:33,11:41:8,12:9:9,11:55:17,12:9:44,12:12:4,12:12:21
Preparing a snack,4/25/2003,9:6:44,9:29:39
51,85,51,103,51,122,108,115
Door,Door,Door,Light switch,Door,Stereo,Toaster,Microwave
9:9:28,9:12:43,9:12:45,9:12:47,9:15:48,9:16:28,9:25:32,9:26:17
9:9:33,9:13:11,9:12:48,19:49:37,19:29:5,12:44:39,9:26:0,9:27:19
Washing dishes,4/25/2003,9:42:10,9:55:45
96,96,96,108,73,74
Sink faucet - cold,Sink faucet - cold,Sink faucet - cold,Toaster,Cabinet,Refrigerator
9:47:9,9:47:27,9:48:34,9:52:53,9:54:56,9:55:15
9:47:14,9:48:29,9:49:7,9:52:55,9:55:3,9:55:25
Watching TV,4/25/2003,8:25:56,8:33:50
107,141
Light switch,TV
8:27:57,8:30:33
8:30:55,8:30:38
Watching TV,4/25/2003,15:52:19,16:25:4
108,141,141,141,141,141,141
Toaster,TV,TV,TV,TV,TV,TV
15:59:49,16:1:4,16:1:13,16:4:2,16:4:27,16:8:26,16:8:37
15:59:50,16:1:8,16:1:15,16:4:23,16:6:33,16:8:29,16:8:39
Preparing dinner,4/25/2003,20:16:10,20:39:54
51,74,51,119,51,107
Door,Refrigerator,Door,Light switch,Door,Light switch
20:20:4,20:27:3,20:28:38,20:28:44,20:29:29,20:30:29
20:20:7,20:27:16,20:28:43,20:29:29,20:29:36,20:30:33
Listening to music,4/25/2003,8:59:13,12:51:58
51,85,51,103,51,122,108,115,96,96,96,108,73,74,66,74,119,104,96,115,115,108,74,115,74,115,115,115,115,108,115,74,115,96
Door,Door,Door,Light switch,Door,Stereo,Toaster,Microwave,Sink faucet - cold,Sink faucet - cold,Sink faucet - cold,Toaster,Cabinet,Refrigerator,Refrigerator,Refrigerator,Light switch,Cabinet,Sink faucet - cold,Microwave,Microwave,Toaster,Refrigerator,Microwave,Refrigerator,Microwave,Microwave,Microwave,Microwave,Toaster,Microwave,Refrigerator,Microwave,Sink faucet - cold
9:9:28,9:12:43,9:12:45,9:12:47,9:15:48,9:16:28,9:25:32,9:26:17,9:47:9,9:47:27,9:48:34,9:52:53,9:54:56,9:55:15,10:1:17,10:17:35,10:23:21,10:24:40,11:2:40,11:26:34,11:28:44,11:30:4,11:30:47,11:31:14,11:34:7,11:36:32,11:37:1,11:38:32,11:40:39,11:41:45,11:55:13,12:9:36,12:11:59,12:12:6
9:9:33,9:13:11,9:12:48,19:49:37,19:29:5,12:44:39,9:26:0,9:27:19,9:47:14,9:48:29,9:49:7,9:52:55,9:55:3,9:55:25,10:45:57,10:17:48,10:28:16,10:24:44,11:4:51,11:26:36,11:28:50,11:39:18,11:30:51,11:31:16,11:34:13,11:36:48,11:37:20,11:38:33,11:41:8,12:9:9,11:55:17,12:9:44,12:12:4,12:12:21
Preparing a snack,4/25/2003,16:29:4,16:49:45
108,64,108,74,74,77,74,97
Toaster,Cabinet,Toaster,Refrigerator,Refrigerator,Drawer,Refrigerator,Refrigerator
16:32:8,16:32:21,16:35:9,16:35:44,16:38:10,16:39:8,16:46:51,16:47:8
16:32:10,16:32:44,16:35:25,16:35:49,16:38:34,16:39:23,16:47:23,16:47:9
Taking medication,4/25/2003,19:8:41,19:23:53
74,74,98
Refrigerator,Refrigerator,Light switch
19:13:33,19:16:51,19:21:11
19:13:37,19:16:54,21:0:2
Toileting,4/26/2003,2:26:5,2:36:16
137
Door
2:32:17
23:12:27
Preparing breakfast,4/26/2003,6:1:49,6:45:50
51,74,115,115,115,115,74,115,115,84,84,74,115,74,115,108,115,84,84,115,108,74,115,115,74,115
Door,Refrigerator,Microwave,Microwave,Microwave,Microwave,Refrigerator,Microwave,Microwave,Garbage disposal,Garbage disposal,Refrigerator,Microwave,Refrigerator,Microwave,Toaster,Microwave,Garbage disposal,Garbage disposal,Microwave,Toaster,Refrigerator,Microwave,Microwave,Refrigerator,Microwave
6:4:44,6:18:39,6:18:52,6:19:37,6:19:57,6:20:38,6:20:50,6:21:29,6:21:37,6:21:51,6:21:54,6:23:56,6:24:49,6:25:14,6:25:23,6:25:42,6:27:51,6:28:9,6:28:35,6:30:27,6:31:48,6:32:56,6:33:14,6:34:21,6:34:59,6:35:7
6:30:28,6:18:51,6:19:33,6:19:39,6:20:0,6:20:40,6:21:10,6:21:32,6:23:47,6:21:52,6:28:8,6:24:14,6:24:54,6:25:20,6:25:33,6:25:47,6:27:53,6:28:34,12:17:34,6:31:3,6:31:49,6:33:12,6:33:44,6:34:37,6:35:6,6:35:14
Washing dishes,4/26/2003,6:55:12,7:6:15
96,96,75
Sink faucet - cold,Sink faucet - cold,Light switch
6:59:36,7:0:10,7:2:31
6:59:52,12:11:47,11:53:22
Toileting,4/26/2003,9:53:20,10:1:46
100,112
Sink faucet - hot,Toilet Flush
9:57:54,9:58:19
9:58:58,9:58:20
Toileting,4/26/2003,15:14:17,15:26:54
112
Toilet Flush
15:21:21
15:21:22
Preparing lunch,4/26/2003,11:45:26,14:51:18
51,115,142,74,87,74,115,115,74,70,74,96,96,96,108,115,115,115,74,84,51,85,98,122,85,115,74,115,115,96,108,74,96,74,96,76,115,74,108,115,115,115,115,115,98
Door,Microwave,Cabinet,Refrigerator,Refrigerator,Refrigerator,Microwave,Microwave,Refrigerator,Freezer,Refrigerator,Sink faucet - cold,Sink faucet - cold,Sink faucet - cold,Toaster,Microwave,Microwave,Microwave,Refrigerator,Garbage disposal,Door,Door,Light switch,Stereo,Door,Microwave,Refrigerator,Microwave,Microwave,Sink faucet - cold,Toaster,Refrigerator,Sink faucet - cold,Refrigerator,Sink faucet - cold,Cabinet,Microwave,Refrigerator,Toaster,Microwave,Microwave,Microwave,Microwave,Microwave,Light switch
11:53:29,11:55:12,11:55:38,11:59:41,11:59:57,12:2:11,12:2:34,12:8:9,12:9:47,12:9:53,12:10:14,12:12:6,12:12:17,12:13:41,12:14:18,12:14:25,12:15:9,12:15:57,12:16:46,12:17:35,12:21:55,12:33:55,12:52:27,13:7:41,13:26:4,13:39:33,13:39:47,13:41:44,13:42:23,13:54:28,13:54:36,13:57:29,14:20:30,14:21:49,14:23:7,14:25:15,14:28:18,14:28:43,14:29:13,14:29:33,14:32:48,14:34:26,14:34:31,14:34:39,14:37:43
12:21:16,11:55:15,11:55:44,12:0:28,12:0:27,12:2:26,12:2:38,12:8:24,12:9:52,12:17:9,12:10:20,12:12:13,12:13:34,13:54:20,12:14:49,12:14:58,12:15:14,12:16:12,12:17:9,14:29:29,18:55:12,12:34:16,14:33:29,16:56:22,13:26:22,13:40:6,13:39:56,13:41:53,13:42:27,14:20:10,14:20:35,13:57:35,14:22:30,14:22:3,14:23:48,19:59:25,14:28:26,14:28:49,14:29:15,14:29:36,14:32:51,14:34:30,14:34:33,20:32:4,15:22:45
Preparing dinner,4/26/2003,18:45:14,19:12:48
70,134,70,119,51,51,51,85
Freezer,Door,Freezer,Light switch,Door,Door,Door,Door
18:49:10,18:49:49,18:53:28,18:55:16,18:56:3,19:8:16,19:8:44,19:12:50
18:49:36,18:49:56,18:53:34,18:56:2,18:56:7,19:8:22,19:8:49,19:12:56
Listening to music,4/26/2003,16:33:56,17:1:24
120
Light switch
16:40:51
18:45:30
Preparing a snack,4/26/2003,8:49:45,9:0:55
108,108,74,74
Toaster,Toaster,Refrigerator,Refrigerator
8:54:55,8:55:18,8:55:45,8:56:19
8:55:13,8:55:20,8:55:55,8:56:23
Preparing a snack,4/26/2003,20:20:56,20:37:27
85,70,120,85,85,108,85
Door,Freezer,Light switch,Door,Door,Toaster,Door
20:24:15,20:25:27,20:25:47,20:27:12,20:31:22,20:31:57,20:33:0
20:24:20,20:25:39,23:35:41,20:27:22,20:31:29,20:31:59,20:33:9
Preparing dinner,4/27/2003,17:50:12,18:25:45
74,87,138,64,91,117,120,138,142,142,74,138,64,140,74,120,91,140,74,66,115,115,74
Refrigerator,Refrigerator,Cabinet,Cabinet,Sink faucet - cold,Burner,Light switch,Cabinet,Cabinet,Cabinet,Refrigerator,Cabinet,Cabinet,Cabinet,Refrigerator,Light switch,Sink faucet - cold,Cabinet,Refrigerator,Refrigerator,Microwave,Microwave,Refrigerator
17:53:21,17:53:25,17:56:7,17:57:9,17:57:33,17:57:36,17:57:38,17:57:45,17:58:0,17:59:47,18:0:43,18:7:42,18:10:48,18:11:9,18:11:32,18:12:28,18:12:30,18:13:11,18:14:51,18:14:55,18:18:57,18:20:8,18:22:54
17:53:33,17:53:31,17:56:12,17:57:18,18:12:29,18:17:52,18:12:27,17:57:55,17:58:11,18:0:3,18:0:54,18:8:35,18:10:52,18:11:15,18:11:47,19:1:36,19:1:38,18:13:20,18:14:58,18:14:59,18:19:2,18:22:53,18:22:59
Cleaning,4/27/2003,11:21:3,11:59:51
64,74,74,66,74,66,51,96
Cabinet,Refrigerator,Refrigerator,Refrigerator,Refrigerator,Refrigerator,Door,Sink faucet - cold
11:21:57,11:22:55,11:23:31,11:23:43,11:42:42,11:42:49,11:43:15,11:45:27
11:22:0,11:23:4,11:23:42,11:42:46,11:42:48,11:56:45,20:4:44,13:20:17
Washing dishes,4/27/2003,5:3:56,5:14:20
109,74,84,91,96,106
Light switch,Refrigerator,Garbage disposal,Sink faucet - cold,Sink faucet - cold,Light switch
5:3:19,5:7:56,5:9:39,5:10:18,5:10:26,5:15:13
17:57:38,5:8:0,7:37:49,15:24:37,6:16:31,5:16:37
Preparing breakfast,4/27/2003,7:24:59,7:53:36
134,120,74,108,74,84,84,53,75,74,70
Door,Light switch,Refrigerator,Toaster,Refrigerator,Garbage disposal,Garbage disposal,Light switch,Light switch,Refrigerator,Freezer
7:27:19,7:28:2,7:35:3,7:35:36,7:36:19,7:37:50,7:39:28,7:42:1,7:42:2,7:50:27,7:50:40
7:27:42,17:57:36,7:35:14,7:35:42,7:36:40,7:39:25,11:3:11,18:20:58,17:54:0,7:50:39,18:53:15
Preparing breakfast,4/27/2003,10:50:43,11:8:12
115,74,115,96,64,115,57,84,115
Microwave,Refrigerator,Microwave,Sink faucet - cold,Cabinet,Microwave,Cabinet,Garbage disposal,Microwave
10:54:37,10:55:10,10:55:25,10:55:34,10:55:57,10:57:58,11:1:42,11:3:12,11:4:45
10:54:49,10:55:21,10:55:28,11:45:3,10:56:5,11:1:54,11:1:47,11:47:24,11:23:4
Watching TV,4/27/2003,13:5:52,15:11:14
141,96,96,141,98,82,141,141
TV,Sink faucet - cold,Sink faucet - cold,TV,Light switch,Drawer,TV,TV
13:11:8,13:20:21,13:21:12,14:52:12,15:1:29,15:2:3,15:6:16,15:6:18
14:52:7,13:21:7,16:29:0,14:53:41,19:4:45,15:2:20,15:6:17,15:6:41
Taking medication,4/27/2003,1:11:29,1:25:58
74,75
Refrigerator,Light switch
1:19:22,1:20:6
1:19:29,7:28:3
Dressing,4/27/2003,8:11:11,8:28:34
85,128,51,60
Door,Drawer,Door,Shower faucet
8:12:5,8:19:11,8:19:32,8:27:55
8:12:12,8:19:20,8:19:42,8:29:31
Toileting,4/27/2003,0:30:55,0:54:57
137
Door
0:43:21
2:39:40
Toileting,4/27/2003,4:5:15,4:27:38
137
Door
4:18:57
4:18:59
Toileting,4/27/2003,16:18:33,16:41:34
100,74
Sink faucet - hot,Refrigerator
16:37:25,16:40:24
16:38:2,16:40:36
Listening to music,4/27/2003,16:46:39,17:5:50
91,54,122
Sink faucet - cold,Cabinet,Stereo
16:54:26,16:55:36,16:56:35
17:57:21,16:55:49,16:56:49
Cleaning,4/27/2003,18:44:22,19:6:42
75,74,74,66,74,54,109
Light switch,Refrigerator,Refrigerator,Refrigerator,Refrigerator,Cabinet,Light switch
18:51:38,18:52:50,18:53:30,18:53:34,18:54:58,18:57:24,19:1:38
18:55:7,18:53:15,18:53:36,18:53:37,18:55:2,18:57:39,20:43:54
Working at computer,4/27/2003,9:30:11,9:48:30
82,82,82,68,107,133
Drawer,Drawer,Drawer,Drawer,Light switch,Door
9:31:15,9:33:29,9:34:32,9:39:10,9:40:3,9:45:15
9:33:28,9:34:31,9:34:36,9:39:32,12:5:37,19:59:41
Bathing,4/27/2003,8:42:5,9:17:0
60,60,60,137,51,60,60,60,60,60,60,60,60,60,60,60,60,60,60,60,60,60,60,60,60,60,60,60,60,60,60,60,60,60,60,60,60,60,60,60,60,60,60,60,60,60,60,60,60,60,60,60,60,60,60,60,60,60,60,60,60,60,60,60,60,60,60,60,60,60,60,60,60,60,60,60,60,60,60,60,60,60,60,60,60,60,60,60,60,60,60,60,60,60,60,60,60,60,60,60,60,60,60,60,60,60,60,60,60,60,60,60,60,60,60,60,60,60,60,60,60,60,60,60,60,60,60,60,60,60,60,60,60,60,60,60,60,60,60,60,60,60,60,60,60,60,60,60,60,60,60,60,60,60,60,60,60,60,60,60,60,60,60,60,60,60,60,60,60,60,60,60,60,60,60,60,60,60,60,60,60,60,60,60
Shower faucet,Shower faucet,Shower faucet,Door,Door,Shower faucet,Shower faucet,Shower faucet,Shower faucet,Shower faucet,Shower faucet,Shower faucet,Shower faucet,Shower faucet,Shower faucet,Shower faucet,Shower faucet,Shower faucet,Shower faucet,Shower faucet,Shower faucet,Shower faucet,Shower faucet,Shower faucet,Shower faucet,Shower faucet,Shower faucet,Shower faucet,Shower faucet,Shower faucet,Shower faucet,Shower faucet,Shower faucet,Shower faucet,Shower faucet,Shower faucet,Shower faucet,Shower faucet,Shower faucet,Shower faucet,Shower faucet,Shower faucet,Shower faucet,Shower faucet,Shower faucet,Shower faucet,Shower faucet,Shower faucet,Shower faucet,Shower faucet,Shower faucet,Shower faucet,Shower faucet,Shower faucet,Shower faucet,Shower faucet,Shower faucet,Shower faucet,Shower faucet,Shower faucet,Shower faucet,Shower faucet,Shower faucet,Shower faucet,Shower faucet,Shower faucet,Shower faucet,Shower faucet,Shower faucet,Shower faucet,Shower faucet,Shower faucet,Shower faucet,Shower faucet,Shower faucet,Shower faucet,Shower faucet,Shower faucet,Shower faucet,Shower faucet,Shower faucet,Shower faucet,Shower faucet,Shower faucet,Shower faucet,Shower faucet,Shower faucet,Shower faucet,Shower faucet,Shower faucet,Shower faucet,Shower faucet,Shower faucet,Shower faucet,Shower faucet,Shower faucet,Shower faucet,Shower faucet,Shower faucet,Shower faucet,Shower faucet,Shower faucet,Shower faucet,Shower faucet,Shower faucet,Shower faucet,Shower faucet,Shower faucet,Shower faucet,Shower faucet,Shower faucet,Shower faucet,Shower faucet,Shower faucet,Shower faucet,Shower faucet,Shower faucet,Shower faucet,Shower faucet,Shower faucet,Shower faucet,Shower faucet,Shower faucet,Shower faucet,Shower faucet,Shower faucet,Shower faucet,Shower faucet,Shower faucet,Shower faucet,Shower faucet,Shower faucet,Shower faucet,Shower faucet,Shower faucet,Shower faucet,Shower faucet,Shower faucet,Shower faucet,Shower faucet,Shower faucet,Shower faucet,Shower faucet,Shower faucet,Shower faucet,Shower faucet,Shower faucet,Shower faucet,Shower faucet,Shower faucet,Shower faucet,Shower faucet,Shower faucet,Shower faucet,Shower faucet,Shower faucet,Shower faucet,Shower faucet,Shower faucet,Shower faucet,Shower faucet,Shower faucet,Shower faucet,Shower faucet,Shower faucet,Shower faucet,Shower faucet,Shower faucet,Shower faucet,Shower faucet,Shower faucet,Shower faucet,Shower faucet,Shower faucet,Shower faucet,Shower faucet,Shower faucet,Shower faucet,Shower faucet,Shower faucet,Shower faucet,Shower faucet,Shower faucet,Shower faucet
8:43:55,8:44:15,8:45:19,8:49:14,8:50:33,8:50:39,8:50:58,8:51:33,8:55:40,8:55:52,8:55:57,8:56:12,8:56:49,8:56:54,8:57:22,8:57:35,8:57:42,8:57:45,8:57:49,8:57:51,8:57:52,8:57:54,8:57:55,8:57:59,8:58:14,8:58:23,8:58:36,8:58:37,8:58:41,8:59:5,8:59:7,8:59:8,8:59:16,8:59:19,8:59:30,9:0:0,9:0:1,9:0:3,9:0:6,9:0:25,9:0:28,9:0:32,9:0:38,9:0:39,9:0:40,9:0:46,9:0:47,9:0:51,9:0:53,9:0:55,9:0:57,9:0:58,9:0:59,9:1:0,9:1:3,9:1:6,9:1:7,9:1:8,9:1:10,9:1:13,9:1:15,9:1:16,9:1:19,9:1:21,9:1:26,9:1:31,9:1:36,9:1:37,9:1:39,9:1:40,9:1:42,9:1:45,9:1:59,9:2:1,9:2:2,9:2:5,9:2:6,9:2:8,9:2:16,9:2:19,9:2:20,9:2:25,9:2:26,9:2:27,9:2:32,9:2:33,9:2:41,9:2:42,9:2:44,9:2:45,9:2:53,9:2:56,9:2:58,9:3:1,9:3:2,9:3:4,9:3:5,9:3:9,9:3:12,9:3:14,9:3:20,9:3:22,9:3:40,9:3:56,9:3:57,9:3:58,9:3:59,9:4:0,9:4:1,9:4:10,9:4:11,9:4:12,9:4:13,9:4:14,9:4:20,9:4:21,9:4:22,9:4:24,9:4:25,9:4:26,9:4:30,9:4:31,9:4:36,9:4:37,9:4:38,9:4:39,9:4:40,9:4:41,9:4:45,9:4:48,9:4:50,9:4:58,9:4:59,9:5:0,9:5:6,9:5:8,9:5:9,9:5:12,9:5:14,9:5:16,9:5:17,9:5:18,9:5:20,9:5:21,9:5:25,9:5:26,9:5:27,9:5:28,9:5:29,9:5:37,9:5:38,9:5:39,9:5:40,9:5:42,9:5:48,9:5:49,9:5:50,9:5:51,9:5:52,9:5:55,9:5:59,9:6:0,9:6:1,9:6:2,9:6:3,9:6:6,9:6:12,9:6:13,9:6:17,9:6:22,9:6:28,9:6:32,9:6:38,9:6:39,9:6:42,9:6:43,9:6:46,9:6:47,9:6:50,9:6:54,9:14:54,9:14:59,9:15:8,9:15:31
8:44:11,8:45:5,8:45:27,16:22:41,10:58:49,8:50:49,8:51:1,8:52:44,8:55:51,8:55:53,8:56:0,8:56:14,8:56:51,8:57:21,8:57:26,8:57:41,8:57:43,8:57:46,8:57:50,8:57:52,8:57:53,8:57:55,8:57:56,8:58:4,8:58:15,8:58:25,8:58:37,8:58:38,8:58:44,8:59:6,8:59:8,8:59:13,8:59:17,8:59:26,8:59:32,9:0:1,9:0:2,9:0:4,9:0:15,9:0:27,9:0:30,9:0:33,9:0:39,9:0:40,9:0:41,9:0:47,9:0:48,9:0:52,9:0:54,9:0:56,9:0:58,9:0:59,9:1:0,9:1:1,9:1:4,9:1:7,9:1:8,9:1:9,9:1:12,9:1:15,9:1:16,9:1:18,9:1:20,9:1:22,9:1:27,9:1:34,9:1:37,9:1:38,9:1:40,9:1:41,9:1:43,9:1:46,9:2:0,9:2:2,9:2:3,9:2:6,9:2:7,9:2:15,9:2:17,9:2:20,9:2:21,9:2:26,9:2:27,9:2:28,9:2:33,9:2:34,9:2:42,9:2:44,9:2:45,9:2:46,9:2:54,9:2:58,9:2:59,9:3:2,9:3:3,9:3:5,9:3:6,9:3:10,9:3:13,9:3:15,9:3:21,9:3:34,9:3:49,9:3:57,9:3:58,9:3:59,9:4:0,9:4:1,9:4:2,9:4:11,9:4:12,9:4:13,9:4:14,9:4:15,9:4:21,9:4:22,9:4:23,9:4:25,9:4:26,9:4:27,9:4:31,9:4:32,9:4:37,9:4:38,9:4:39,9:4:40,9:4:41,9:4:42,9:4:47,9:4:49,9:4:51,9:4:59,9:5:0,9:5:1,9:5:7,9:5:9,9:5:11,9:5:13,9:5:15,9:5:17,9:5:18,9:5:19,9:5:21,9:5:22,9:5:26,9:5:27,9:5:28,9:5:29,9:5:30,9:5:38,9:5:39,9:5:40,9:5:42,9:5:43,9:5:49,9:5:50,9:5:51,9:5:52,9:5:53,9:5:56,9:6:0,9:6:1,9:6:2,9:6:3,9:6:4,9:6:7,9:6:13,9:6:14,9:6:21,9:6:23,9:6:29,9:6:38,9:6:39,9:6:41,9:6:43,9:6:44,9:6:47,9:6:48,9:6:51,9:10:32,9:14:58,9:15:7,9:15:26,9:15:39
Working at computer,4/27/2003,12:4:0,12:23:19
107,135,82
Light switch,Drawer,Drawer
12:5:38,12:6:21,12:7:4
19:2:31,12:7:4,12:8:2
Toileting,4/28/2003,5:6:9,5:25:21
109,127,100,74,74,54
Light switch,Medicine cabinet,Sink faucet - hot,Refrigerator,Refrigerator,Cabinet
5:14:52,5:14:53,5:16:19,5:19:3,5:20:25,5:21:6
6:8:51,5:15:1,5:17:53,5:19:8,5:20:28,5:21:21
Preparing breakfast,4/28/2003,5:54:18,6:9:57
119,91,75,74,74,133,70,74,115,84,84,115
Light switch,Sink faucet - cold,Light switch,Refrigerator,Refrigerator,Door,Freezer,Refrigerator,Microwave,Garbage disposal,Garbage disposal,Microwave
5:55:57,5:56:31,5:57:35,5:57:56,5:59:29,6:2:6,6:3:5,6:3:15,6:4:0,6:5:34,6:5:36,6:6:4
6:6:53,10:48:0,6:6:52,5:58:0,5:59:36,19:42:19,6:3:16,6:3:23,6:4:12,6:5:35,7:39:23,6:6:30
Washing dishes,4/28/2003,12:2:41,12:16:29
74,66,96,84,74,96,64,74,96,96
Refrigerator,Refrigerator,Sink faucet - cold,Garbage disposal,Refrigerator,Sink faucet - cold,Cabinet,Refrigerator,Sink faucet - cold,Sink faucet - cold
12:6:13,12:6:20,12:6:48,12:7:3,12:7:34,12:8:45,12:9:2,12:10:1,12:10:37,12:10:55
12:6:37,12:6:28,12:8:39,22:5:34,12:7:38,12:10:33,12:9:19,12:10:6,12:10:51,12:11:52
Preparing lunch,4/28/2003,10:45:1,11:26:7
64,117,120,119,142,138,108,84,74,74,84,74,91,91,74,115,115,74,66,138,138,74,74,70,115,115
Cabinet,Burner,Light switch,Light switch,Cabinet,Cabinet,Toaster,Garbage disposal,Refrigerator,Refrigerator,Garbage disposal,Refrigerator,Sink faucet - cold,Sink faucet - cold,Refrigerator,Microwave,Microwave,Refrigerator,Refrigerator,Cabinet,Cabinet,Refrigerator,Refrigerator,Freezer,Microwave,Microwave
10:47:47,10:48:22,10:48:24,10:48:26,10:48:55,10:51:2,10:51:24,10:51:32,10:51:35,10:51:49,10:56:6,11:1:14,11:5:22,11:5:37,11:9:48,11:13:17,11:14:35,11:15:10,11:15:17,11:17:13,11:17:54,11:22:24,11:24:19,11:24:49,11:25:2,11:26:19
10:48:43,11:10:0,10:48:25,20:11:33,10:51:0,10:51:14,10:51:26,10:56:5,10:51:42,10:51:58,12:7:2,11:1:33,11:5:36,19:46:2,11:9:55,11:13:21,11:15:8,11:15:21,11:15:21,11:17:41,12:6:55,11:22:29,11:24:49,12:6:38,11:25:7,11:26:22
Toileting,4/28/2003,16:12:57,16:30:43
137,96
Door,Sink faucet - cold
16:22:44,16:23:8
17:28:23,16:23:9
Toileting,4/28/2003,17:19:43,17:38:2
74
Refrigerator
17:29:4
17:29:14
Washing dishes,4/28/2003,7:29:31,7:39:42
116,54,85,84
Cabinet,Cabinet,Door,Garbage disposal
7:33:8,7:33:8,7:34:9,7:39:24
7:37:47,7:33:15,7:36:59,10:51:31
Preparing dinner,4/28/2003,18:50:11,19:17:41
74,74,74
Refrigerator,Refrigerator,Refrigerator
18:58:41,19:12:22,19:12:50
18:58:51,19:12:29,19:12:54
Taking medication,4/28/2003,2:36:32,2:43:54
145,74
Light switch,Refrigerator
2:40:27,2:40:49
2:40:31,2:41:0
Going out for shopping,4/29/2003,7:53:47,8:4:43
98,95
Light switch,Light switch
7:59:41,8:0:19
15:58:38,20:21:56
Taking medication,4/29/2003,1:59:17,2:14:39
74
Refrigerator
2:7:25
2:7:35
Preparing lunch,4/29/2003,12:56:33,13:13:19
74,70,74,70,74,74,74,87,115,74
Refrigerator,Freezer,Refrigerator,Freezer,Refrigerator,Refrigerator,Refrigerator,Refrigerator,Microwave,Refrigerator
12:58:31,12:59:0,12:59:14,12:59:30,13:0:24,13:0:32,13:0:56,13:1:0,13:5:42,13:6:14
12:58:47,12:59:19,12:59:18,13:1:13,13:0:28,13:0:42,13:1:13,13:1:11,13:9:51,13:6:22
Toileting,4/29/2003,14:4:40,14:22:15
112
Toilet Flush
14:14:34
14:14:36
Preparing dinner,4/29/2003,19:32:21,20:33:19
53,75,54,74,64,91,117,120,53,74,74,74,119,115,115,74,74,53
Light switch,Light switch,Cabinet,Refrigerator,Cabinet,Sink faucet - cold,Burner,Light switch,Light switch,Refrigerator,Refrigerator,Refrigerator,Light switch,Microwave,Microwave,Refrigerator,Refrigerator,Light switch
19:43:23,19:43:24,19:44:14,19:44:49,19:45:38,19:46:14,19:46:23,19:46:25,19:47:12,19:47:22,20:7:41,20:11:44,20:12:14,20:14:54,20:15:9,20:16:13,20:19:2,20:20:44
19:46:40,20:24:35,19:44:35,19:45:30,19:45:58,20:8:29,20:13:5,19:46:26,20:19:32,19:47:29,20:8:2,20:12:3,22:34:46,20:15:1,20:24:10,20:16:16,20:19:9,20:24:34
Preparing breakfast,4/29/2003,5:20:30,5:38:58
74,51,84,75,84,53,67,74,74,115,115,53
Refrigerator,Door,Garbage disposal,Light switch,Garbage disposal,Light switch,Cabinet,Refrigerator,Refrigerator,Microwave,Microwave,Light switch
5:25:45,5:25:53,5:26:59,5:27:23,5:28:53,5:29:2,5:29:4,5:30:40,5:31:26,5:32:8,5:34:10,5:35:1
5:25:49,21:15:46,5:28:52,5:35:2,6:34:23,5:30:16,5:29:11,5:30:47,5:31:32,5:32:16,5:52:21,19:34:7
Toileting,4/29/2003,6:10:54,6:15:42
115,112,109
Microwave,Toilet Flush,Light switch
6:11:4,6:11:25,6:14:30
6:15:7,6:11:26,19:29:9
Dressing,4/29/2003,5:58:40,6:8:13
126,128
Drawer,Drawer
5:59:25,6:0:50
11:34:41,6:2:55
Preparing breakfast,4/30/2003,5:17:43,5:36:44
74,53,77,57,57,75,74,51,74,74,115,74,115,53,51
Refrigerator,Light switch,Drawer,Cabinet,Cabinet,Light switch,Refrigerator,Door,Refrigerator,Refrigerator,Microwave,Refrigerator,Microwave,Light switch,Door
5:21:20,5:22:5,5:22:14,5:22:24,5:23:46,5:24:35,5:24:42,5:26:55,5:27:20,5:27:35,5:27:55,5:29:5,5:29:21,5:29:39,5:29:40
5:21:25,5:24:23,5:22:17,5:22:55,5:59:27,5:29:40,5:24:47,5:28:41,5:27:25,5:27:39,5:28:22,5:29:9,5:29:29,5:52:35,5:29:43
Cleaning,4/30/2003,6:24:22,6:39:8
75,96,64,115,115,115,84,51,119,106
Light switch,Sink faucet - cold,Cabinet,Microwave,Microwave,Microwave,Garbage disposal,Door,Light switch,Light switch
6:27:41,6:29:7,6:29:49,6:30:52,6:33:20,6:34:3,6:34:24,6:34:27,6:34:45,6:34:51
7:59:51,7:53:55,6:29:59,6:30:58,6:33:30,6:34:11,16:42:37,21:9:26,7:59:52,7:2:10
Listening to music,4/30/2003,8:29:48,8:48:6
122,122
Stereo,Stereo
8:36:59,8:44:58
8:37:5,17:22:12
Preparing lunch,4/30/2003,11:12:24,11:25:0
108,108,115,74,115
Toaster,Toaster,Microwave,Refrigerator,Microwave
11:18:1,11:18:8,11:18:14,11:19:1,11:20:22
11:18:4,11:18:49,11:18:25,11:19:7,11:20:34
Washing dishes,4/30/2003,10:52:54,11:10:54
96,115,96
Sink faucet - cold,Microwave,Sink faucet - cold
10:58:32,10:59:52,11:4:26
11:4:0,10:59:54,11:4:48
Preparing a snack,4/30/2003,16:36:19,16:47:7
74,94
Refrigerator,Sink faucet - cold
16:41:46,16:42:54
16:41:54,16:43:56
Toileting,4/30/2003,16:36:8,16:47:37
74,94
Refrigerator,Sink faucet - cold
16:41:46,16:42:54
16:41:54,16:43:56
Grooming,4/30/2003,6:46:7,6:55:44
139,94,115
Medicine cabinet,Sink faucet - cold,Microwave
6:49:14,6:49:51,6:52:24
6:49:20,6:51:1,6:52:30
Preparing lunch,4/30/2003,7:42:25,8:8:24
77,74,115,74,96,96,115,108,74,96,96,74,53,91
Drawer,Refrigerator,Microwave,Refrigerator,Sink faucet - cold,Sink faucet - cold,Microwave,Toaster,Refrigerator,Sink faucet - cold,Sink faucet - cold,Refrigerator,Light switch,Sink faucet - cold
7:44:36,7:45:7,7:46:23,7:47:4,7:54:13,7:54:38,7:55:5,7:55:33,7:56:52,7:58:5,7:58:14,7:59:3,7:59:50,8:4:3
7:48:0,7:45:12,7:46:34,7:47:13,7:54:37,7:57:58,7:55:46,7:55:41,7:57:4,7:58:12,8:0:45,7:59:8,11:18:4,16:5:6
Toileting,4/30/2003,7:26:5,7:31:53
100
Sink faucet - hot
7:29:11
7:30:58
Preparing a snack,4/30/2003,21:34:12,21:47:23
74,51,74
Refrigerator,Door,Refrigerator
21:39:3,21:40:29,21:43:25
21:39:6,21:40:34,21:43:28
Preparing lunch,4/31/2003,11:0:13,11:22:39
53,75,115,115,108,115,84,115,115
Light switch,Light switch,Microwave,Microwave,Toaster,Microwave,Garbage disposal,Microwave,Microwave
11:3:13,11:3:17,11:5:39,11:7:17,11:8:10,11:8:41,11:12:29,11:13:24,11:16:35
11:43:40,11:43:41,11:5:41,11:7:26,11:8:27,11:12:33,16:21:0,11:13:39,11:30:12
Washing dishes,4/31/2003,11:28:48,11:31:59
96,96
Sink faucet - cold,Sink faucet - cold
11:30:9,11:31:28
11:30:21,14:40:20
Talking on telephone,4/31/2003,9:45:48,10:25:26
107,64,69,108,115,84,115,122,70
Light switch,Cabinet,Telephone,Toaster,Microwave,Garbage disposal,Microwave,Stereo,Freezer
9:46:27,9:46:53,9:51:19,9:54:58,9:55:7,9:57:36,9:59:56,10:0:49,10:3:13
14:45:55,9:47:6,10:21:15,9:55:2,9:55:8,11:2:43,10:0:3,10:14:10,11:36:16
Listening to music,4/31/2003,9:56:34,10:18:28
84,115,122,70
Garbage disposal,Microwave,Stereo,Freezer
9:57:36,9:59:56,10:0:49,10:3:13
11:2:43,10:0:3,10:14:10,11:36:16
Washing dishes,4/31/2003,16:38:6,17:19:15
138,91,115,74,115,96,74,115,74,108
Cabinet,Sink faucet - cold,Microwave,Refrigerator,Microwave,Sink faucet - cold,Refrigerator,Microwave,Refrigerator,Toaster
16:40:23,16:41:44,16:44:22,16:46:43,16:47:48,16:49:53,16:52:5,16:55:31,16:58:42,17:9:37
16:40:40,16:57:2,16:46:51,16:46:47,16:49:40,17:13:13,16:52:17,17:9:20,16:58:46,17:9:59
Taking medication,4/31/2003,19:23:15,19:39:11
74,74,100
Refrigerator,Refrigerator,Sink faucet - hot
19:27:46,19:32:23,19:34:3
19:27:49,19:32:25,19:34:5
Toileting,4/31/2003,17:36:37,17:46:4
51,100,94
Door,Sink faucet - hot,Sink faucet - cold
17:36:36,17:41:16,17:41:38
22:34:27,17:41:21,17:42:24
Preparing dinner,4/31/2003,15:58:36,16:23:57
74,70,115,75,115,115,115,115,79,73,73,89,115,85,115
Refrigerator,Freezer,Microwave,Light switch,Microwave,Microwave,Microwave,Microwave,Cabinet,Cabinet,Cabinet,Drawer,Microwave,Door,Microwave
16:3:7,16:4:41,16:5:4,16:5:59,16:7:26,16:9:27,16:14:24,16:17:10,16:17:45,16:17:50,16:18:9,16:18:22,16:19:40,16:21:51,16:24:27
16:3:17,16:4:48,16:5:12,17:37:21,16:7:32,16:9:32,16:16:16,16:17:21,16:18:18,16:17:54,16:18:15,16:18:28,16:20:39,16:22:6,16:24:41
Preparing breakfast,4/31/2003,5:45:37,6:15:58
74,74,51,75,84,74,115,115,74,74,51,115,124,74
Refrigerator,Refrigerator,Door,Light switch,Garbage disposal,Refrigerator,Microwave,Microwave,Refrigerator,Refrigerator,Door,Microwave,Containers,Refrigerator
5:52:2,5:52:55,5:53:5,5:55:15,5:56:49,5:56:55,5:58:26,5:59:17,6:0:38,6:5:54,6:6:0,6:6:6,6:6:44,6:7:11
5:52:7,5:53:3,5:54:31,6:33:48,8:5:38,5:57:0,5:58:28,6:0:12,6:0:40,6:5:57,17:36:36,6:7:18,10:18:57,6:7:16
Preparing lunch,4/31/2003,7:31:42,8:15:36
75,74,64,91,117,120,138,74,74,115,74,115,108,115,74,84,108,115,115,84,117,120,119,120,70,96,74,97
Light switch,Refrigerator,Cabinet,Sink faucet - cold,Burner,Light switch,Cabinet,Refrigerator,Refrigerator,Microwave,Refrigerator,Microwave,Toaster,Microwave,Refrigerator,Garbage disposal,Toaster,Microwave,Microwave,Garbage disposal,Burner,Light switch,Light switch,Light switch,Freezer,Sink faucet - cold,Refrigerator,Refrigerator
7:37:9,7:37:40,7:39:40,7:40:8,7:40:13,7:40:17,7:40:21,7:40:40,7:49:52,7:50:35,7:51:36,7:54:9,7:57:53,7:59:35,8:4:36,8:5:39,8:6:24,8:6:42,8:6:57,8:7:1,8:7:19,8:7:22,8:7:24,8:7:24,8:7:46,8:9:28,8:12:4,8:12:15
10:13:49,7:37:52,7:40:39,16:41:20,8:0:27,8:7:19,8:5:13,7:40:44,7:49:58,7:50:42,7:51:43,7:54:21,7:59:46,8:2:43,8:4:58,8:7:1,8:6:25,8:6:56,8:7:0,9:57:35,8:21:56,8:7:23,8:36:4,8:31:3,8:22:48,8:25:3,8:12:20,9:0:1
